,current,name,gender,function,category,country_code,country,disciplines,age
0,True,PEDRERO Ofelia,Female,Coach,C,MEX,Mexico,Artistic Swimming,36
1,True,RADHI SHENAISHIL,Male,Head Coach,C,IRQ,Iraq,Football,59
2,True,AFLAKIKHAMSEH Majid,Male,Coach,C,IRI,IR Iran,Taekwondo,50
3,True,YOUSEFY Mehrdad,Male,Coach,C,IRI,IR Iran,Taekwondo,52
4,True,MADDAH Minoo,Female,Coach,C,IRI,IR Iran,Taekwondo,48
5,True,LOFTUS Adriana,Female,Coach,C,MEX,Mexico,Artistic Swimming,66
6,True,FERRARA Fernando,Male,Head Coach,C,ARG,Argentina,Hockey,56
7,True,GULLA Alejandra,Female,Assistant Coach,C,ARG,Argentina,Hockey,47
8,True,CAPURRO Santiago,Male,Assistant Coach,C,ARG,Argentina,Hockey,49
9,True,RONCONI Mariano,Male,Head Coach,C,ARG,Argentina,Hockey,Age unavaible
10,True,PAULON Ezequiel,Male,Assistant Coach,C,ARG,Argentina,Hockey,Age unavaible
11,True,VILA Matias,Male,Assistant Coach,C,ARG,Argentina,Hockey,Age unavaible
12,True,KHEIRKHAH HAJIRASOULIAN Mohammadre.,Male,Coach,C,IRI,IR Iran,Artistic Gymnastics,59
13,True,DAVIS DIAZ David,Male,Coach,C,MEX,Mexico,Taekwondo,46
14,True,MENDOZA MORA Abel,Male,Coach,C,MEX,Mexico,Taekwondo,36
15,True,VICTORIA ESPINOSA de los Alfonso,Male,Coach,C,MEX,Mexico,Taekwondo,39
16,True,MILANO Guillermo,Male,Head Coach,C,ARG,Argentina,Handball,51
17,True,GOMEZ CORA Santiago,Male,Head Coach,C,ARG,Argentina,Rugby Sevens,46
18,True,GRAVANO Leonardo,Male,Assistant Coach,C,ARG,Argentina,Rugby Sevens,50
19,True,FILIORIANU Ana Luiza,Female,Coach,C,ROU,Romania,Rhythmic Gymnastics,25
20,True,SMAILI Badr,Male,Coach,C,MAR,Morocco,Taekwondo,31
21,True,OCEGUERA ORNELAS Pavel,Male,Coach,C,MEX,Mexico,Artistic Gymnastics,52
22,True,VALENZUELA GOMEZ Maria,Female,Coach,C,MEX,Mexico,Artistic Gymnastics,48
23,True,MEZA PADILLA Jose,Male,Coach,C,MEX,Mexico,Artistic Gymnastics,47
24,True,AGUILAR ROJAS Blajaith,Female,Coach,C,MEX,Mexico,Rhythmic Gymnastics,32
25,True,FURALEV Vladislav,Male,Coach,C,MEX,Mexico,Rhythmic Gymnastics,54
26,True,UPTON Patrick Anthony Howard,Male,Coach,C,IND,India,Hockey,55
27,True,SCHOPMAN Johanna Dorothea Maria,Female,Coach,C,IND,India,Hockey,47
28,True,HALKETT Rhett Kennedy,Male,Assistant Coach,C,IND,India,Hockey,38
29,True,FULTON Craig Arthur,Male,Head Coach,C,IND,India,Hockey,49
30,True,FARRY Anthony James,Male,Coach,C,IND,India,Hockey,51
31,True,THORPE Karen,Female,Coach,C,GBR,Great Britain,Artistic Swimming,51
32,True,TOMOMATSU Yumiko,Female,Coach,C,GBR,Great Britain,Artistic Swimming,52
33,True,CURRAN Orlaith,Female,Assistant Coach,C,IRL,Ireland,Rugby Sevens,33
34,True,NASKAR Arup,Male,Coach,C,IND,India,Hockey,41
35,True,CHINNASAMY Ashok Kumar,Male,Coach,C,IND,India,Hockey,33
36,True,BUSNARI Alberto,Male,Coach,C,ITA,Italy,Artistic Gymnastics,45
37,True,COCCIARO Giuseppe,Male,Coach,C,ITA,Italy,Artistic Gymnastics,64
38,True,FORTUNA Marco,Male,Coach,C,ITA,Italy,Artistic Gymnastics,63
39,True,BERGAMELLI Monica Roberta,Female,Coach,C,ITA,Italy,Artistic Gymnastics,40
40,True,CHIRILCENCO Marc Michel,Male,Coach,C,ALG,Algeria,Artistic Gymnastics,56
41,True,HAMICI Saad Eddine,Male,Coach,C,ALG,Algeria,Artistic Gymnastics,53
42,True,HERRANZ MARTIN Miguel Angel,Male,Coach,C,ESP,Spain,Taekwondo,60
43,True,RAMAL MUNOZ Jesus,Male,Coach,C,ESP,Spain,Taekwondo,55
44,True,SEIJO GIEBELS Christian Jaime,Male,Coach,C,ESP,Spain,Taekwondo,47
45,True,TOLEDO AROCA Antonio,Male,Coach,C,ESP,Spain,Taekwondo,47
46,True,YAGUE ENRIQUE Brigida,Female,Coach,C,ESP,Spain,Taekwondo,43
47,True,JONES Gilmar,Male,Coach,C,SUR,Suriname,Taekwondo,38
48,True,DIMITROVA Vesela,Female,Coach,C,BUL,Bulgaria,Rhythmic Gymnastics,48
49,True,STOYNEVA Yasena,Female,Coach,C,BUL,Bulgaria,Rhythmic Gymnastics,35
50,True,MARKOVA Branimira,Female,Coach,C,BUL,Bulgaria,Rhythmic Gymnastics,50
51,True,PAMUKOVA Mariyana,Female,Coach,C,BUL,Bulgaria,Rhythmic Gymnastics,41
52,True,IVANOVA Valentina,Female,Coach,C,BUL,Bulgaria,Rhythmic Gymnastics,47
53,True,LEE Eui Yong,Male,Coach,C,GAM,Gambia,Taekwondo,53
54,True,ARILL Samuel,Male,Assistant Coach,C,PUR,Puerto Rico,Basketball,48
55,True,MORALES OTERO Carlos,Male,Assistant Coach,C,PUR,Puerto Rico,Basketball,65
56,True,BATISTA Gerardo,Male,Coach,C,PUR,Puerto Rico,Basketball,53
57,True,COTUTIU Florin,Male,Coach,C,ROU,Romania,Artistic Gymnastics,49
58,True,JONES Daymon,Male,Coach,C,ROU,Romania,Artistic Gymnastics,49
59,True,KIENS Patrick,Male,Coach,C,ROU,Romania,Artistic Gymnastics,53
60,True,MOROSAN Corina,Female,Coach,C,ROU,Romania,Artistic Gymnastics,56
61,True,VOINEA Camelia,Female,Coach,C,ROU,Romania,Artistic Gymnastics,54
62,True,BERBECAR Marius,Male,Coach,C,ROU,Romania,Artistic Gymnastics,39
63,True,LIU Tsung-Ta,Male,Coach,C,TPE,Chinese Taipei,Taekwondo,49
64,True,GEORGALLAS Irodotos,Male,Coach,C,CYP,Cyprus,Artistic Gymnastics,46
65,True,PETRIDIS Panagiotis,Male,Coach,C,CYP,Cyprus,Artistic Gymnastics,60
66,True,FLANNERY Eimear,Female,Assistant Coach,C,IRL,Ireland,Rugby Sevens,42
67,True,SHIPPI Panayiotis,Male,Coach,C,CYP,Cyprus,Artistic Gymnastics,42
68,True,TRIKOMITI Chrystalleni,Female,Coach,C,CYP,Cyprus,Rhythmic Gymnastics,30
69,True,DEACU George,Male,Assistant Coach,C,ROU,Romania,Water Polo,39
70,True,RATH Bogdan,Male,Head Coach,C,ROU,Romania,Water Polo,52
71,True,ARIAS Ramon,Male,Coach,C,CHI,Chile,Taekwondo,67
72,True,WIBERG Johanna,Female,Assistant Coach,C,SWE,Sweden,Handball,40
73,True,FORSBERG Thomas,Male,Assistant Coach,C,SWE,Sweden,Handball,43
74,True,AXNER Tomas,Male,Head Coach,C,SWE,Sweden,Handball,54
75,True,DIOVOL Alioune,Male,Coach,C,SEN,Senegal,Taekwondo,45
76,True,da ROCHA Cristiano,Male,Head Coach,C,BRA,Brazil,Handball,43
77,True,ALTENBURG Valentin,Male,Head Coach,C,GER,Germany,Hockey,43
78,True,HENNING Andre,Male,Head Coach,C,GER,Germany,Hockey,40
79,True,SCHMITZ Johannes,Male,Assistant Coach,C,GER,Germany,Hockey,36
80,True,ARKELL Robin,Male,Coach,C,GER,Germany,Hockey,36
81,True,GADEMAN Pasha,Male,Assistant Coach,C,GER,Germany,Hockey,36
82,True,WEIDINGER Markus,Male,Coach,C,AUT,Austria,Taekwondo,39
83,True,SOLBERG Glenn,Male,Head Coach,C,SWE,Sweden,Handball,52
84,True,SVENSSON Tomas,Male,Assistant Coach,C,SWE,Sweden,Handball,56
85,True,APELGREN Michael,Male,Assistant Coach,C,SWE,Sweden,Handball,39
86,True,TANKOUCHEV Milko,Male,Coach,C,BUL,Bulgaria,Artistic Gymnastics,65
87,True,YANEV Filip,Male,Coach,C,BUL,Bulgaria,Artistic Gymnastics,42
88,True,WINIARSKI Michal,Male,Head Coach,C,GER,Germany,Volleyball,40
89,True,RANNER Thomas,Male,Assistant Coach,C,GER,Germany,Volleyball,36
90,True,POSMYK Dominik,Male,Assistant Coach,C,GER,Germany,Volleyball,28
91,True,SALLAH Mariama M.,Female,Coach,C,GAM,Gambia,Taekwondo,49
92,True,TUMILTY Mark,Male,Head Coach,C,IRL,Ireland,Hockey,Age unavaible
93,True,TOTH Balazs,Male,Coach,C,GER,Germany,Taekwondo,40
94,True,QUSAI MUNIR,Male,Assistant Coach,C,IRQ,Iraq,Football,44
95,True,CRUZ LOPEZ Jose L,Male,Assistant Coach,C,PUR,Puerto Rico,Basketball,54
96,True,COLON Nelson,Male,Coach,C,PUR,Puerto Rico,Basketball,46
97,True,CRUZ Rafael,Male,Assistant Coach,C,PUR,Puerto Rico,Basketball,44
98,True,BESHEER Gamal,Male,Coach,C,EGY,Egypt,Artistic Gymnastics,53
99,True,MOHAMED Ahmed,Male,Coach,C,EGY,Egypt,Artistic Gymnastics,37
100,True,ABDELMEGUID Zakaria,Male,Coach,C,EGY,Egypt,Artistic Gymnastics,49
101,True,MOHAMED Mayar,Female,Coach,C,EGY,Egypt,Rhythmic Gymnastics,32
102,True,HUSSEIN Noha,Female,Coach,C,EGY,Egypt,Rhythmic Gymnastics,36
103,True,MOUNDOUNGA KOMBILA Stephane,Male,Coach,C,GAB,Gabon,Taekwondo,37
104,True,MLADENOVA Albena,Female,Coach,C,AUT,Austria,Artistic Swimming,60
105,True,AL-ASSAF Faris,Male,Coach,C,JOR,Jordan,Taekwondo,42
106,True,ALSADEQ Yazan,Male,Coach,C,JOR,Jordan,Taekwondo,31
107,True,ALJALLAD Riham,Female,Coach,C,JOR,Jordan,Taekwondo,41
108,True,KRAVCHENKO Sergiy,Male,Assistant Coach,C,UKR,Ukraine,Football,41
109,True,ROTAN Ruslan,Male,Head Coach,C,UKR,Ukraine,Football,Age unavaible
110,True,SIREKANYAN Gurgen,Male,Coach,C,JOR,Jordan,Artistic Gymnastics,42
111,True,FREHSE Gabriele,Female,Coach,C,AUT,Austria,Artistic Gymnastics,63
112,True,SAHIN Ali,Male,Coach,C,TUR,Türkiye,Taekwondo,57
113,True,TAZEGUL Servet,Male,Coach,C,TUR,Türkiye,Taekwondo,35
114,True,BABEL Vincent,Male,Coach,C,SUR,Suriname,Taekwondo,49
115,True,GOKTEKIN Yilmaz,Male,Coach,C,TUR,Türkiye,Artistic Gymnastics,52
116,True,NURI Tufan,Male,Coach,C,TUR,Türkiye,Artistic Gymnastics,33
117,True,GOJKOVIC Vladimir,Male,Head Coach,C,MNE,Montenegro,Water Polo,43
118,True,TOMAS Toni,Male,Coach,C,GBR,Great Britain,Taekwondo,43
119,True,LAURA Veljko,Male,Coach,C,CRO,Croatia,Taekwondo,39
120,True,MESAROV Dejan,Male,Coach,C,CRO,Croatia,Taekwondo,41
121,True,GALAMBOS Bence,Male,Coach,C,HUN,Hungary,Taekwondo,31
122,True,MARTON Luana,Female,Coach,C,HUN,Hungary,Taekwondo,18
123,True,SALIM Gergely,Male,Coach,C,HUN,Hungary,Taekwondo,52
124,True,SALIM Sharif Gergely,Male,Coach,C,HUN,Hungary,Taekwondo,22
125,True,MIKKONEN Suvi,Female,Coach,C,HUN,Hungary,Taekwondo,36
126,True,ROUSSEAUX Emile,Male,Head Coach,C,FRA,France,Volleyball,63
127,True,ANDRE Felix,Male,Assistant Coach,C,FRA,France,Volleyball,37
128,True,GAUTHIER Charles,Male,Assistant Coach,C,FRA,France,Volleyball,42
129,True,TOUPANE Jean Aime,Male,Coach,C,FRA,France,Basketball,66
130,True,MELAIN Catherine,Female,Assistant Coach,C,FRA,France,Basketball,50
131,True,GAUTIER David,Male,Assistant Coach,C,FRA,France,Basketball,44
132,True,HALIN Gregory,Male,Coach,C,FRA,France,Basketball,52
133,True,LEONARD Christophe,Male,Coach,C,FRA,France,Basketball,34
134,True,COLLET Vincent,Male,Coach,C,FRA,France,Basketball,61
135,True,DONNADIEU Pascal,Male,Assistant Coach,C,FRA,France,Basketball,60
136,True,ATKINSON Kenny,Male,Assistant Coach,C,FRA,France,Basketball,57
137,True,NELHOMME Ruddy,Male,Coach,C,FRA,France,Basketball,52
138,True,GOMIS Joseph,Male,Coach,C,FRA,France,Basketball,46
139,True,CIAMARRA Roberto,Male,Assistant Coach,C,FRA,France,Volleyball,42
140,True,GEILER Loic,Male,Assistant Coach,C,FRA,France,Volleyball,40
141,True,GIANI Andrea,Male,Head Coach,C,FRA,France,Volleyball,54
142,True,WENG Shih-Hang,Male,Coach,C,TPE,Chinese Taipei,Artistic Gymnastics,41
143,True,TSAI Heng-Cheng,Male,Coach,C,TPE,Chinese Taipei,Artistic Gymnastics,45
144,True,SANTARELLI Daniele,Male,Head Coach,C,TUR,Türkiye,Volleyball,43
145,True,FLISI Diego,Male,Assistant Coach,C,TUR,Türkiye,Volleyball,45
146,True,ZOTTA Andrea,Male,Assistant Coach,C,TUR,Türkiye,Volleyball,29
147,True,VATANSEVER Recep,Male,Assistant Coach,C,TUR,Türkiye,Volleyball,33
148,True,DARET Jerome,Male,Head Coach,C,FRA,France,Rugby Sevens,49
149,True,KRUMBHOLZ Olivier,Male,Head Coach,C,FRA,France,Handball,66
150,True,GARDILLOU Sebastien,Male,Assistant Coach,C,FRA,France,Handball,48
151,True,LEYNAUD Amandine,Female,Assistant Coach,C,FRA,France,Handball,38
152,True,GALKIN Evgeniy,Male,Coach,C,UZB,Uzbekistan,Artistic Gymnastics,72
153,True,ABDUSAMATOV Khusniddin,Male,Coach,C,UZB,Uzbekistan,Artistic Gymnastics,28
154,True,MWEMA Kevin,Male,Head Coach,C,KEN,Kenya,Rugby Sevens,38
155,True,AMONDE Andrew,Male,Assistant Coach,C,KEN,Kenya,Rugby Sevens,40
156,True,KISIA Louis,Male,Assistant Coach,C,KEN,Kenya,Rugby Sevens,37
157,True,HRUBESCH Horst,Male,Head Coach,C,GER,Germany,Football,73
158,True,CARLSON Britta,Female,Assistant Coach,C,GER,Germany,Football,46
159,True,FUCHS Michael,Male,Goalkeeper Coach,C,GER,Germany,Football,54
160,True,NOERENBERG Thomas,Male,Assistant Coach,C,GER,Germany,Football,60
161,True,MUKHAMEDOVA Rano,Female,Coach,C,UZB,Uzbekistan,Rhythmic Gymnastics,35
162,True,VLASOVA Liliya,Female,Coach,C,UZB,Uzbekistan,Rhythmic Gymnastics,43
163,True,KHAN Pavel,Male,Coach,C,UZB,Uzbekistan,Taekwondo,39
164,True,RAFALOVICH Maksim,Male,Coach,C,UZB,Uzbekistan,Taekwondo,34
165,True,KHAN Vladimir,Male,Coach,C,UZB,Uzbekistan,Taekwondo,39
166,True,BAYKUZIYEV Jasur,Male,Coach,C,UZB,Uzbekistan,Taekwondo,37
167,True,PAKKAN Saim,Male,Assistant Coach,C,SRB,Serbia,Volleyball,35
168,True,NISHIIRI Toshihiro,Male,Goalkeeper Coach,C,JPN,Japan,Football,46
169,True,IKEDA Futoshi,Male,Head Coach,C,JPN,Japan,Football,53
170,True,MIYAMOTO Tomomi,Female,Assistant Coach,C,JPN,Japan,Football,45
171,True,MENEZES Jude,Male,Head Coach,C,JPN,Japan,Hockey,53
172,True,OZAWA Kazuyuki,Male,Assistant Coach,C,JPN,Japan,Hockey,45
173,True,ERSIMSEK Ahmetcan,Male,Assistant Coach,C,SRB,Serbia,Volleyball,32
174,True,ROTHMAN Neville,Male,Assistant Coach,C,IRL,Ireland,Hockey,47
175,True,GELLE Noemi Katalin,Female,Coach,C,HUN,Hungary,Rhythmic Gymnastics,48
176,True,NAGANUMA Atsushi,Male,Assistant Coach,C,JPN,Japan,Water Polo,41
177,True,HAZUI Shota,Male,Assistant Coach,C,JPN,Japan,Water Polo,37
178,True,SHIOTA Yoshinori,Male,Head Coach,C,JPN,Japan,Water Polo,41
179,True,KAWAI Mayo,Female,Coach,C,JPN,Japan,Artistic Swimming,32
180,True,KASHIMA Tomoyo,Female,Coach,C,JPN,Japan,Artistic Swimming,29
181,True,NAKAJIMA Takako,Female,Coach,C,JPN,Japan,Artistic Swimming,37
182,True,KAPADZE Timur,Male,Head Coach,C,UZB,Uzbekistan,Football,42
183,True,CHIGODAEV Sergey,Male,Assistant Coach,C,UZB,Uzbekistan,Football,37
184,True,GILLE Guillaume,Male,Head Coach,C,FRA,France,Handball,Age unavaible
185,True,MATHE Erick,Male,Assistant Coach,C,FRA,France,Handball,53
186,True,ALONSO TAPIA Rosendo,Male,Coach,C,FRA,France,Taekwondo,44
187,True,ALONSO TAPIA Gulsah,Female,Coach,C,FRA,France,Taekwondo,43
188,True,JUNG Woomin,Male,Coach,C,FRA,France,Taekwondo,38
189,True,WILLE Jonas,Male,Head Coach,C,NOR,Norway,Handball,48
190,True,EGE Steinar,Male,Assistant Coach,C,NOR,Norway,Handball,52
191,True,BOQUIST Martin,Male,Assistant Coach,C,NOR,Norway,Handball,47
192,True,OLSSON Mats,Male,Assistant Coach,C,NOR,Norway,Handball,64
193,True,HERGEIRSSON Thorir,Male,Head Coach,C,NOR,Norway,Handball,60
194,True,LARSEN Tonje,Female,Assistant Coach,C,NOR,Norway,Handball,49
195,True,JOERGENSEN Michael,Male,Coach,C,NOR,Norway,Taekwondo,61
196,True,DRASOCZKY Imre,Male,Coach,C,HUN,Hungary,Artistic Gymnastics,55
197,True,BRUUN Michael,Male,Assistant Coach,C,DEN,Denmark,Handball,53
198,True,JOERGENSEN Lars,Male,Assistant Coach,C,DEN,Denmark,Handball,46
199,True,KRONBORG Henrik,Male,Assistant Coach,C,DEN,Denmark,Handball,54
200,True,JACOBSEN Nikolaj,Male,Head Coach,C,DEN,Denmark,Handball,52
201,True,JENSEN Jesper,Male,Head Coach,C,DEN,Denmark,Handball,46
202,True,SOYEZ Frederic,Male,Head Coach,C,FRA,France,Hockey,46
203,True,SALA Ramon,Male,Assistant Coach,C,FRA,France,Hockey,52
204,True,LOMBI Jorge,Male,Assistant Coach,C,FRA,France,Hockey,52
205,True,SZUCS Robert,Male,Coach,C,HUN,Hungary,Artistic Gymnastics,51
206,True,TRENKA Janos,Male,Coach,C,HUN,Hungary,Artistic Gymnastics,44
207,True,HARVEY Mike,Male,Coach,C,GBR,Great Britain,Taekwondo,34
208,True,MAIZEROI Torann,Male,Coach,C,GBR,Great Britain,Taekwondo,35
209,True,MILLER Nelson,Male,Coach,C,GBR,Great Britain,Taekwondo,58
210,True,STAMPER Martin,Male,Coach,C,GBR,Great Britain,Taekwondo,37
211,True,POLJAKOVA Shanna,Female,Coach,C,GER,Germany,Artistic Gymnastics,63
212,True,BELENKI Valeri,Male,Coach,C,GER,Germany,Artistic Gymnastics,54
213,True,CATANOIU Grigore,Male,Coach,C,GER,Germany,Artistic Gymnastics,54
214,True,BRYLOK Hubert,Male,Coach,C,GER,Germany,Artistic Gymnastics,64
215,True,TEMME Kay,Male,Coach,C,GER,Germany,Artistic Gymnastics,52
216,True,PFEFFER Camilla,Female,Coach,C,GER,Germany,Rhythmic Gymnastics,31
217,True,RASKINA Yuliya,Female,Coach,C,GER,Germany,Rhythmic Gymnastics,42
218,True,CAMICIOTTI Giacomo,Male,Coach,C,GER,Germany,Artistic Gymnastics,39
219,True,DUNAVSKA MINEKOVA Kameliya,Female,Coach,C,GER,Germany,Rhythmic Gymnastics,55
220,True,PARECKI Antoni Jerzy,Male,Assistant Coach,C,JPN,Japan,Handball,64
221,True,SNYMAN Philip,Male,Head Coach,C,RSA,South Africa,Rugby Sevens,37
222,True,LUCKAN Ghafoer,Male,Assistant Coach,C,RSA,South Africa,Rugby Sevens,38
223,True,GONZALEZ NUNEZ Arlen,Male,Coach,C,CUB,Cuba,Taekwondo,50
224,True,SHARABI Yechiam,Male,Coach,C,ISR,Israel,Taekwondo,45
225,True,BLECHER SIDOROVA Svetlana,Female,Coach,C,ISR,Israel,Artistic Swimming,59
226,True,ABDELRAHMAN Osama,Male,Coach,C,EGY,Egypt,Taekwondo,50
227,True,YOUSSEF Mohamed,Male,Coach,C,EGY,Egypt,Taekwondo,47
228,True,ZAITSEVA Olesia,Female,Coach,C,UKR,Ukraine,Artistic Swimming,49
229,True,SARTYNSKYI Gennadii,Male,Coach,C,UKR,Ukraine,Artistic Gymnastics,70
230,True,GORBACHEVA Iryna,Female,Coach,C,UKR,Ukraine,Artistic Gymnastics,40
231,True,KAIUKOVA Iuliia,Female,Coach,C,UKR,Ukraine,Artistic Gymnastics,34
232,True,DERYUGINA Iryna,Female,Coach,C,UKR,Ukraine,Rhythmic Gymnastics,66
233,True,BLOKHINA Iryna,Female,Coach,C,UKR,Ukraine,Rhythmic Gymnastics,41
234,True,KARDASH Maryna,Female,Coach,C,UKR,Ukraine,Rhythmic Gymnastics,50
235,True,VASYLIEVA Marharyta,Female,Coach,C,UKR,Ukraine,Rhythmic Gymnastics,25
236,True,KHOLOD Maryna,Female,Coach,C,NZL,New Zealand,Artistic Swimming,43
237,True,RA Sanghyun,Male,Coach,C,FIJ,Fiji,Taekwondo,52
238,True,KIM Hyou Mi,Female,Coach,C,KOR,Korea,Artistic Swimming,40
239,True,ROSILLO ATENCIA Jose Antonio,Male,Coach,C,NOR,Norway,Taekwondo,34
240,True,LAI Yawen,Female,Assistant Coach,C,CHN,China,Volleyball,Age unavaible
241,True,HERBERT Gordie,Male,Coach,C,GER,Germany,Basketball,65
242,True,THOMAIDIS Lisa,Female,Coach,C,GER,Germany,Basketball,53
243,True,PARSONS Sidney,Female,Assistant Coach,C,GER,Germany,Basketball,36
244,True,MEADOWS Clarissa,Female,Assistant Coach,C,GER,Germany,Basketball,40
245,True,THUSS Anne,Female,Coach,C,GER,Germany,Basketball,61
246,True,PERWAS Klaus,Male,Assistant Coach,C,GER,Germany,Basketball,53
247,True,BRIELMEIER Bret,Male,Coach,C,GER,Germany,Basketball,38
248,True,HERBERT Daniel,Male,Assistant Coach,C,GER,Germany,Basketball,29
249,True,REVINGTON Paul,Male,Head Coach,C,GBR,Great Britain,Hockey,50
250,True,BROWNE Kwan,Male,Coach,C,GBR,Great Britain,Hockey,46
251,True,GLYNN Katie,Female,Assistant Coach,C,GBR,Great Britain,Hockey,35
252,True,HICKMAN Mark,Male,Coach,C,GBR,Great Britain,Hockey,50
253,True,PAUL Jody,Male,Coach,C,GBR,Great Britain,Hockey,48
254,True,RALPH David,Male,Head Coach,C,GBR,Great Britain,Hockey,51
255,True,SIEBEN Craig,Male,Coach,C,GBR,Great Britain,Hockey,40
256,True,GRESKOWIAK Arne,Male,Coach,C,GER,Germany,Basketball,39
257,True,HOLGUIN Ramon,Male,Coach,C,DOM,Dominican Republic,Artistic Gymnastics,50
258,True,WUDTKE Erik,Male,Assistant Coach,C,GER,Germany,Handball,52
259,True,BEPPLER Jochen,Male,Assistant Coach,C,GER,Germany,Handball,44
260,True,ANDERSSON Mattias,Male,Assistant Coach,C,GER,Germany,Handball,46
261,True,GISLASON Alfred,Male,Head Coach,C,GER,Germany,Handball,64
262,True,GAUGISCH Markus,Male,Head Coach,C,GER,Germany,Handball,50
263,True,JANKOVIC Jasmina,Female,Assistant Coach,C,GER,Germany,Handball,37
264,True,HENRY Thierry,Male,Head Coach,C,FRA,France,Football,46
265,True,BATICLE Gerald,Male,Assistant Coach,C,FRA,France,Football,54
266,True,CLICHY Gael,Male,Assistant Coach,C,FRA,France,Football,39
267,True,JANOT Jeremie,Male,Goalkeeper Coach,C,FRA,France,Football,46
268,True,PEREIRA BRAVO Joao,Male,Assistant Coach,C,CAN,Canada,Volleyball,45
269,True,SAMMELVUO Tuomas,Male,Head Coach,C,CAN,Canada,Volleyball,48
270,True,HAWKINS Michael,Male,Assistant Coach,C,CAN,Canada,Volleyball,34
271,True,ZHENG Wei,Female,Coach,C,CHN,China,Basketball,55
272,True,JIA Nan,Male,Coach,C,CHN,China,Basketball,50
273,True,PARK Myungsoo,Male,Assistant Coach,C,CHN,China,Basketball,62
274,True,RUPEREZ Cesar,Male,Assistant Coach,C,CHN,China,Basketball,49
275,True,USUI Tomohiro,Male,Coach,C,JPN,Japan,Basketball,33
276,True,KONNO Kakeru,Male,Assistant Coach,C,JPN,Japan,Basketball,30
277,True,SUZUKI Yoshikazu,Male,Assistant Coach,C,JPN,Japan,Basketball,45
278,True,ONZUKA Toru,Male,Coach,C,JPN,Japan,Basketball,45
279,True,SASSA Norio,Male,Coach,C,JPN,Japan,Basketball,40
280,True,GAINES Corey,Male,Assistant Coach,C,JPN,Japan,Basketball,59
281,True,HOVASSE Tom,Male,Coach,C,JPN,Japan,Basketball,57
282,True,KATSUHISA Geoffrey,Male,Assistant Coach,C,JPN,Japan,Basketball,43
283,True,CHOI Chatchai,Male,Coach,C,THA,Thailand,Taekwondo,50
284,True,SONKHAM Chanatip,Female,Coach,C,THA,Thailand,Taekwondo,33
285,True,RUSEK Pawel,Male,Assistant Coach,C,POL,Poland,Volleyball,41
286,True,GRBIC Nikola,Male,Head Coach,C,POL,Poland,Volleyball,50
287,True,SWACZYNA Adam,Male,Assistant Coach,C,POL,Poland,Volleyball,35
288,True,MATOSEVIC Valter,Male,Assistant Coach,C,CRO,Croatia,Handball,54
289,True,SIGURDSSON Dagur,Male,Head Coach,C,CRO,Croatia,Handball,51
290,True,SPOLJARIC Denis,Male,Assistant Coach,C,CRO,Croatia,Handball,44
291,True,DUPUIS Kevin,Male,Coach,C,FRA,France,Artistic Gymnastics,32
292,True,GEORGE Martine,Female,Coach,C,FRA,France,Artistic Gymnastics,49
293,True,POTAPENKO Valentin,Male,Coach,C,FRA,France,Artistic Gymnastics,68
294,True,HAGARD Monique,Female,Coach,C,FRA,France,Artistic Gymnastics,58
295,True,BARANOVA VOLCHETSKAYA Anna,Female,Coach,C,FRA,France,Rhythmic Gymnastics,72
296,True,BAYON Sara,Female,Coach,C,FRA,France,Rhythmic Gymnastics,43
297,True,GUILLIERE Katia,Female,Coach,C,FRA,France,Rhythmic Gymnastics,50
298,True,MILAN Gregory,Male,Coach,C,FRA,France,Rhythmic Gymnastics,51
299,True,ABDELFATTAH Aziza,Female,Coach,C,EGY,Egypt,Artistic Swimming,33
300,True,MOHAMED Mai,Female,Coach,C,EGY,Egypt,Artistic Swimming,34
301,True,LATIF Yasmine,Female,Coach,C,EGY,Egypt,Artistic Swimming,41
302,True,FABRE Julie,Female,Coach,C,FRA,France,Artistic Swimming,48
303,True,OBRY Laure,Female,Coach,C,FRA,France,Artistic Swimming,46
304,True,ANNEQUIN Marie,Female,Coach,C,FRA,France,Artistic Swimming,32
305,True,ANGILLIS Pascal,Male,Assistant Coach,C,BEL,Belgium,Basketball,52
306,True,KAISER Pierre-Yves,Male,Coach,C,BEL,Belgium,Basketball,36
307,True,LORENT Jill,Female,Assistant Coach,C,BEL,Belgium,Basketball,36
308,True,de SCHEPPER Bram,Male,Coach,C,BEL,Belgium,Artistic Gymnastics,36
309,True,DECKX Stefan,Male,Coach,C,BEL,Belgium,Artistic Gymnastics,45
310,True,RECKINGER Xavier,Male,Assistant Coach,C,BEL,Belgium,Hockey,40
311,True,JEONG Eul Jin,Male,Coach,C,KOR,Korea,Taekwondo,53
312,True,KANG Bo Hyeon,Female,Coach,C,KOR,Korea,Taekwondo,32
313,True,LEE Dongchul,Male,Coach,C,KOR,Korea,Taekwondo,46
314,True,OH Hyeri,Female,Coach,C,KOR,Korea,Taekwondo,36
315,True,SON Hyo Bong,Male,Coach,C,KOR,Korea,Taekwondo,52
316,True,BEAGLEY Michael,Male,Coach,C,GBR,Great Britain,Artistic Gymnastics,55
317,True,CLAY Jenny,Female,Coach,C,GBR,Great Britain,Artistic Gymnastics,36
318,True,COLLIE Barry,Male,Coach,C,GBR,Great Britain,Artistic Gymnastics,45
319,True,HALL Paul,Male,Coach,C,GBR,Great Britain,Artistic Gymnastics,60
320,True,HANN Scott,Male,Coach,C,GBR,Great Britain,Artistic Gymnastics,44
321,True,HOWELLS Ben,Male,Coach,C,GBR,Great Britain,Artistic Gymnastics,48
322,True,INCE Brett,Male,Coach,C,GBR,Great Britain,Artistic Gymnastics,36
323,True,KENWRIGHT David,Male,Coach,C,GBR,Great Britain,Artistic Gymnastics,61
324,True,RICHARDSON Joshua,Male,Coach,C,GBR,Great Britain,Artistic Gymnastics,33
325,True,RICHARDSON Molly,Female,Coach,C,GBR,Great Britain,Artistic Gymnastics,29
326,True,TRANDABURU Ionut,Male,Coach,C,GBR,Great Britain,Artistic Gymnastics,47
327,True,JANKOVSKY Viktor,Male,Coach,C,CZE,Czechia,Taekwondo,35
328,True,ZHEREBCHEVSKYI Anton,Male,Coach,C,CZE,Czechia,Taekwondo,34
329,True,HYBRANT Bohuslav,Male,Coach,C,CZE,Czechia,Taekwondo,56
330,True,FOULARD Gael,Male,Head Coach,C,FRA,France,Hockey,52
331,True,JAQUET Nicolas,Male,Assistant Coach,C,FRA,France,Hockey,48
332,True,LORANTOS Theodoros,Male,Head Coach,C,FRA,France,Water Polo,53
333,True,DERENTY Lorene,Female,Assistant Coach,C,FRA,France,Water Polo,29
334,True,BRUZZO Florian,Male,Head Coach,C,FRA,France,Water Polo,42
335,True,KOBESCAK Vjekoslav,Male,Assistant Coach,C,FRA,France,Water Polo,50
336,True,MENDEZ Marcelo,Male,Head Coach,C,ARG,Argentina,Volleyball,60
337,True,LOPEZ Martin,Male,Assistant Coach,C,ARG,Argentina,Volleyball,43
338,True,RICO GOLBA Pablo,Male,Assistant Coach,C,ARG,Argentina,Volleyball,57
339,True,ALVAREZ Jorge,Male,Coach,C,ARG,Argentina,Taekwondo,35
340,True,ARROYO Gavin,Male,Assistant Coach,C,USA,United States,Water Polo,52
341,True,UDOVICIC Dejan,Male,Head Coach,C,USA,United States,Water Polo,54
342,True,USTASZEWSKI Matt,Male,Assistant Coach,C,USA,United States,Water Polo,43
343,True,CAHILL Molly,Female,Assistant Coach,C,USA,United States,Water Polo,39
344,True,KRIKORIAN Adam,Male,Head Coach,C,USA,United States,Water Polo,50
345,True,OEDING Chris,Male,Assistant Coach,C,USA,United States,Water Polo,52
346,True,AMADOU Soumaila,Male,Coach,C,NIG,Niger,Taekwondo,56
347,True,KWIEK Marcos,Male,Head Coach,C,DOM,Dominican Republic,Volleyball,57
348,True,ROCHA PACHECO Wagner,Male,Assistant Coach,C,DOM,Dominican Republic,Volleyball,47
349,True,YAMAMOTO Hayato,Male,Assistant Coach,C,JPN,Japan,Rugby Sevens,42
350,True,AMOR Simon Daniel Edward,Male,Head Coach,C,JPN,Japan,Rugby Sevens,45
351,True,SUZUKI Takashi,Male,Head Coach,C,JPN,Japan,Rugby Sevens,43
352,True,SAKATA Takahiro,Male,Assistant Coach,C,JPN,Japan,Rugby Sevens,53
353,True,UMEDA Koichi,Male,Assistant Coach,C,JPN,Japan,Rugby Sevens,37
354,True,KANEMATSU Yuka,Female,Assistant Coach,C,JPN,Japan,Rugby Sevens,42
355,True,SANCHEZ DURAN Wilson,Male,Assistant Coach,C,DOM,Dominican Republic,Volleyball,47
356,True,ZHANG Xiaohuan,Female,Coach,C,CHN,China,Artistic Swimming,43
357,True,WANG Jiuli,Female,Coach,C,CHN,China,Artistic Swimming,55
358,True,HE Xiaochu,Female,Coach,C,CHN,China,Artistic Swimming,42
359,True,SHEN Yingsha,Female,Coach,C,CHN,China,Artistic Swimming,45
360,True,TARRES CAMPA Ana,Female,Coach,C,CHN,China,Artistic Swimming,56
361,True,ZHAO Dantong,Female,Coach,C,CHN,China,Artistic Swimming,35
362,True,BUGDAEV Kurban,Male,Coach,C,KSA,Saudi Arabia,Taekwondo,44
363,True,ASMOLOV Natalia,Female,Coach,C,ISR,Israel,Rhythmic Gymnastics,63
364,True,MAYRIN Ida,Female,Coach,C,ISR,Israel,Rhythmic Gymnastics,26
365,True,SZUCS Krisztian,Male,Coach,C,HUN,Hungary,Taekwondo,23
366,True,STSIAPANAVA Natalia,Female,Coach,C,ISR,Israel,Rhythmic Gymnastics,50
367,True,VAISBURG Sergei,Male,Coach,C,ISR,Israel,Artistic Gymnastics,59
368,True,KLEFNER BEN SHIMOL Moran,Female,Coach,C,ISR,Israel,Artistic Gymnastics,42
369,True,ELNAFRAWY Mohamed,Male,Assistant Coach,C,EGY,Egypt,Volleyball,41
370,True,BEN JABALLAH Maaouia,Male,Coach,C,TUN,Tunisia,Archery,67
371,True,GUAN Jianmin,Male,Coach,C,CHN,China,Taekwondo,61
372,True,KIM Young Jin,Male,Coach,C,CHN,China,Taekwondo,47
373,True,KONG Fantao,Female,Coach,C,CHN,China,Taekwondo,46
374,True,ZUSSMAN Ayelet,Female,Coach,C,ISR,Israel,Rhythmic Gymnastics,45
375,True,SAMOFALOV Ela,Female,Coach,C,ISR,Israel,Rhythmic Gymnastics,58
376,True,ARZA Carlos Vivier,Male,Head Coach,C,ANG,Angola,Handball,50
377,True,CATITO Nelson,Male,Assistant Coach,C,ANG,Angola,Handball,54
378,True,CAI Bin,Male,Head Coach,C,CHN,China,Volleyball,57
379,True,LI Yanlong,Male,Assistant Coach,C,CHN,China,Volleyball,44
380,True,YUAN Zhi,Male,Assistant Coach,C,CHN,China,Volleyball,42
381,True,HYTTEL Tobias,Male,Coach,C,DEN,Denmark,Taekwondo,22
382,True,SETTA Tarik,Male,Coach,C,DEN,Denmark,Taekwondo,43
383,True,ACHARKI Aziz,Male,Coach,C,DEN,Denmark,Taekwondo,52
384,True,TUCAK Ivica,Male,Head Coach,C,CRO,Croatia,Water Polo,54
385,True,POSINKOVIC Renco,Male,Assistant Coach,C,CRO,Croatia,Water Polo,60
386,True,MARELJA Jure,Male,Assistant Coach,C,CRO,Croatia,Water Polo,44
387,True,COURTEIX David,Male,Head Coach,C,FRA,France,Rugby Sevens,52
388,True,IGARZA Germain,Male,Assistant Coach,C,FRA,France,Rugby Sevens,41
389,True,COULIBALY Abdoulaye,Male,Assistant Coach,C,MLI,Mali,Football,39
390,True,DIALLO Badara Alou,Male,Head Coach,C,MLI,Mali,Football,54
391,True,DUNPHY Marv,Male,2nd Assistant Coach,C,USA,United States,Volleyball,76
392,True,KIRALY Karch,Male,Head Coach,C,USA,United States,Volleyball,63
393,True,MIYASHIRO Tama,Female,Assistant Coach,C,USA,United States,Volleyball,37
394,True,REFT Alfee,Male,Assistant Coach,C,USA,United States,Volleyball,41
395,True,VIRTUE Erin,Female,Assistant Coach,C,USA,United States,Volleyball,41
396,True,BROWN Gareth,Male,Coach,C,USA,United States,Taekwondo,45
397,True,FUERBRINGER Matt,Male,Assistant Coach,C,USA,United States,Volleyball,50
398,True,SPERAW John,Male,Head Coach,C,USA,United States,Volleyball,52
399,True,WEBER Javi,Male,Assistant Coach,C,USA,United States,Volleyball,58
400,True,WALL Mike,Male,Assistant Coach,C,USA,United States,Volleyball,Age unavaible
401,True,TOKUMOTO Yukito,Male,Assistant Coach,C,JPN,Japan,Volleyball,47
402,True,BLAIN Philippe,Male,Head Coach,C,JPN,Japan,Volleyball,64
403,True,FUKATSU Takayuki,Male,Assistant Coach,C,JPN,Japan,Volleyball,35
404,True,ITOH Kenji,Male,Assistant Coach,C,JPN,Japan,Volleyball,42
405,True,MANABE Masayoshi,Male,Head Coach,C,JPN,Japan,Volleyball,60
406,True,KAWAKITA Gen,Male,Assistant Coach,C,JPN,Japan,Volleyball,48
407,True,REZA Surian,Male,Coach,C,NZL,New Zealand,Artistic Gymnastics,36
408,True,CHEN Wei,Male,Coach,C,CHN,China,Artistic Gymnastics,55
409,True,HE Hua,Female,Coach,C,CHN,China,Artistic Gymnastics,49
410,True,JIN Weiguo,Male,Coach,C,CHN,China,Artistic Gymnastics,56
411,True,LI Dezhi,Male,Coach,C,CHN,China,Artistic Gymnastics,42
412,True,LIU Jinyu,Male,Coach,C,CHN,China,Artistic Gymnastics,42
413,True,LIU Tao,Male,Coach,C,CHN,China,Artistic Gymnastics,50
414,True,LU le,Male,Coach,C,CHN,China,Artistic Gymnastics,37
415,True,SUN Ping,Female,Coach,C,CHN,China,Artistic Gymnastics,46
416,True,TENG Haibin,Male,Coach,C,CHN,China,Artistic Gymnastics,39
417,True,WANG Liming,Male,Coach,C,CHN,China,Artistic Gymnastics,52
418,True,XU Jinglei,Female,Coach,C,CHN,China,Artistic Gymnastics,56
419,True,ZHANG Haiyan,Female,Coach,C,CHN,China,Artistic Gymnastics,49
420,True,ZHENG Hao,Male,Coach,C,CHN,China,Artistic Gymnastics,47
421,True,YE Sheng,Male,Coach,C,CHN,China,Artistic Gymnastics,47
422,True,SOTOMURA Kazutoshi,Male,Coach,C,JPN,Japan,Artistic Gymnastics,38
423,True,SHINTAKU Yuya,Male,Coach,C,JPN,Japan,Artistic Gymnastics,40
424,True,TOYOSHIMA Risa,Female,Coach,C,JPN,Japan,Artistic Gymnastics,46
425,True,TANAKA Hikaru,Male,Coach,C,JPN,Japan,Artistic Gymnastics,52
426,True,SATO Hiroaki,Male,Coach,C,JPN,Japan,Artistic Gymnastics,35
427,True,SAITO Yoshihiro,Male,Coach,C,JPN,Japan,Artistic Gymnastics,47
428,True,JUN Jung Hooi,Male,Coach,C,TJK,Tajikistan,Taekwondo,59
429,True,LIKHADZIYEUSKI Anatoli,Male,Coach,C,AIN,AIN,Taekwondo,57
430,True,ANTONYAN Sahak,Male,Coach,C,ARM,Armenia,Artistic Gymnastics,32
431,True,BERZHETS Viachaslau,Male,Coach,C,AIN,AIN,Taekwondo,58
432,True,NAZARYAN Hayk,Male,Coach,C,ARM,Armenia,Artistic Gymnastics,40
433,True,OGANESIANTC Avetis,Male,Coach,C,AIN,AIN,Taekwondo,59
434,True,de GIORGI Ferdinando,Male,Head Coach,C,ITA,Italy,Volleyball,62
435,True,CAPONERI Massimo,Male,Assistant Coach,C,ITA,Italy,Volleyball,60
436,True,GIOLITO Nicola,Male,Assistant Coach,C,ITA,Italy,Volleyball,47
437,True,VELASCO Julio,Male,Head Coach,C,ITA,Italy,Volleyball,72
438,True,BARBOLINI Massimo,Male,Assistant Coach,C,ITA,Italy,Volleyball,59
439,True,BERNARDI Lorenzo,Male,Assistant Coach,C,ITA,Italy,Volleyball,55
440,True,van DAMME Koen,Male,Coach,C,BEL,Belgium,Artistic Gymnastics,37
441,True,DUGONJIC Ivo Martin,Male,Head Coach,C,URU,Uruguay,Rugby Sevens,39
442,True,PUIG CARPANETO Gabriel,Male,Assistant Coach,C,URU,Uruguay,Rugby Sevens,34
443,True,PRUNSKAS Algimantas,Male,Coach,C,LTU,Lithuania,Artistic Gymnastics,64
444,True,CAMPAGNA Alessandro,Male,Head Coach,C,ITA,Italy,Water Polo,61
445,True,SILIPO Carlo,Male,Head Coach,C,ITA,Italy,Water Polo,52
446,True,FARINELLI Roberta,Female,Coach,C,ITA,Italy,Artistic Swimming,54
447,True,POMILIO Amedeo,Male,Assistant Coach,C,ITA,Italy,Water Polo,57
448,True,GIALLOMBARDO Patrizia,Female,Coach,C,ITA,Italy,Artistic Swimming,60
449,True,di CECCA Cosimino,Male,Assistant Coach,C,ITA,Italy,Water Polo,50
450,True,JANECKOVA Katerina,Female,Coach,C,CZE,Czechia,Artistic Gymnastics,48
451,True,LEAL COLMENAREZ Mario,Male,Coach,C,VEN,Venezuela,Taekwondo,39
452,True,MOHAMMED Aisha,Female,Coach,C,NGR,Nigeria,Basketball,38
453,True,GARCIA CABRERA David,Male,Coach,C,PUR,Puerto Rico,Basketball,42
454,True,DELANEY Mike,Male,Assistant Coach,C,NZL,New Zealand,Hockey,35
455,True,McALEESE Shea,Male,Assistant Coach,C,NZL,New Zealand,Hockey,39
456,True,CLARK Gregg,Male,Assistant Coach,C,NZL,New Zealand,Hockey,53
457,True,NICOL Greg,Male,Head Coach,C,NZL,New Zealand,Hockey,49
458,True,MACKINTOSH Euan,Male,Assistant Coach,C,NZL,New Zealand,Rugby Sevens,38
459,True,SWEENEY Cory,Male,Head Coach,C,NZL,New Zealand,Rugby Sevens,46
460,True,GIBBS Rodney,Male,Assistant Coach,C,NZL,New Zealand,Rugby Sevens,55
461,True,COCKER Edwin,Male,Assistant Coach,C,NZL,New Zealand,Rugby Sevens,43
462,True,CAMA Tomasi,Male,Head Coach,C,NZL,New Zealand,Rugby Sevens,43
463,True,ROSS Stu,Male,Assistant Coach,C,NZL,New Zealand,Rugby Sevens,48
464,True,MURPHY Amanda,Female,Assistant Coach,C,NZL,New Zealand,Rugby Sevens,Age unavaible
465,True,McMASTER Travis,Male,Assistant Coach,C,NZL,New Zealand,Rugby Sevens,Age unavaible
466,True,ANNAN Alyson Regina,Female,Head Coach,C,CHN,China,Hockey,51
467,True,LU Zhuan,Male,Head Coach,C,CHN,China,Rugby Sevens,40
468,True,PASQUALETTI Massimo,Male,Assistant Coach,C,CHN,China,Rugby Sevens,35
469,True,GOMEZ AGUERA Salvador Emilio,Male,Assistant Coach,C,CHN,China,Water Polo,56
470,True,JANE GIRALT Juan,Male,Head Coach,C,CHN,China,Water Polo,71
471,True,WU Zhiyu,Male,Assistant Coach,C,CHN,China,Water Polo,40
472,True,QU Tao,Female,Coach,C,CHN,China,Rhythmic Gymnastics,51
473,True,SUN Dan,Female,Coach,C,CHN,China,Rhythmic Gymnastics,37
474,True,XU Yanshu,Female,Coach,C,CHN,China,Rhythmic Gymnastics,26
475,True,BLIZNYUK Anastasia,Female,Coach,C,CHN,China,Rhythmic Gymnastics,30
476,True,LARHOLM Erik Jonas,Male,Assistant Coach,C,KOR,Korea,Handball,43
477,True,RADIC Vanja,Female,Assistant Coach,C,KOR,Korea,Handball,41
478,True,SIGNELL Kurt Henrik,Male,Head Coach,C,KOR,Korea,Handball,48
479,True,AGAFONTSEV Sergiy,Male,Coach,C,HKG,"Hong Kong, China",Artistic Gymnastics,54
480,True,KRCE Lucijan,Male,Coach,C,CRO,Croatia,Artistic Gymnastics,49
481,True,MADAREVIC Vladimir,Male,Coach,C,CRO,Croatia,Artistic Gymnastics,51
482,True,MWAPE Bruce,Male,Head Coach,C,ZAM,Zambia,Football,64
483,True,LAVARINI Stefano,Male,Head Coach,C,POL,Poland,Volleyball,45
484,True,VETTORI Nicola,Male,Assistant Coach,C,POL,Poland,Volleyball,53
485,True,PACHLINSKI Krystian,Male,Assistant Coach,C,POL,Poland,Volleyball,35
486,True,SUFA Bartosz,Male,Assistant Coach,C,POL,Poland,Volleyball,36
487,True,NTHALA Charity,Female,Assistant Coach,C,ZAM,Zambia,Football,33
488,True,KOHLOFFEL Markus,Male,Coach,C,EOR,EOR,Taekwondo,53
489,True,ZAREEI SHAMSABADI Manni,Male,Coach,C,EOR,EOR,Taekwondo,39
490,True,SABAH Asif,Male,Coach,C,EOR,EOR,Taekwondo,54
491,True,YUSSUPOVA Aliya,Female,Coach,C,KAZ,Kazakhstan,Rhythmic Gymnastics,40
492,True,DUISENGALIYEVA Danissa,Female,Coach,C,KAZ,Kazakhstan,Rhythmic Gymnastics,28
493,True,NOLANO Claudio,Male,Coach,C,ITA,Italy,Taekwondo,48
494,True,ALFARO RODRIGUEZ Santiago,Male,Assistant Coach,C,URU,Uruguay,Rugby Sevens,Age unavaible
495,True,LEE KIM Daniel,Male,Coach,C,URU,Uruguay,Taekwondo,45
496,True,RENARD Herve,Male,Head Coach,C,FRA,France,Football,55
497,True,BONADEI Laurent,Male,Assistant Coach,C,FRA,France,Football,54
498,True,BLAHIC Eric,Male,Assistant Coach,C,FRA,France,Football,59
499,True,FOUACHE Gilles,Male,Goalkeeper Coach,C,FRA,France,Football,50
500,True,MAMAYEV Nursultan,Male,Coach,C,KAZ,Kazakhstan,Taekwondo,31
501,True,KIM Kwangsu,Male,Coach,C,KAZ,Kazakhstan,Taekwondo,51
502,True,BESBAYEV Olzhas,Male,Coach,C,KAZ,Kazakhstan,Taekwondo,37
503,True,SAGYNAYEV Kanat,Male,Coach,C,KAZ,Kazakhstan,Taekwondo,50
504,True,DOBLER Mauro,Male,Goalkeeper Coach,C,ARG,Argentina,Football,Age unavaible
505,True,ECHEVERRY Alex,Male,Assistant Coach,C,COL,Colombia,Football,Age unavaible
506,True,PHIRI Yona,Male,Goalkeeper Coach,C,ZAM,Zambia,Football,44
507,True,GRAND'PIERRE Naomy Hope,Female,Coach,C,HAI,Haiti,Artistic Gymnastics,27
508,True,LAMBDIN Stephen,Male,Coach,C,USA,United States,Taekwondo,36
509,True,ABARCA Megan,Female,Coach,C,USA,United States,Artistic Swimming,33
510,True,MWILA Florence,Female,Assistant Coach,C,ZAM,Zambia,Football,38
511,True,ELFAKHARANY Hany,Male,Assistant Coach,C,EGY,Egypt,Handball,46
512,True,SIERRA MENDEZ Jose Manuel,Male,Assistant Coach,C,EGY,Egypt,Handball,46
513,True,PASTOR GOMEZ Juan Carlos,Male,Head Coach,C,EGY,Egypt,Handball,56
514,True,VATKIN Vladimir,Male,Coach,C,KAZ,Kazakhstan,Artistic Gymnastics,64
515,True,KURBANOV Khussanzhan,Male,Coach,C,KAZ,Kazakhstan,Artistic Gymnastics,63
516,True,KENESSOV Sapargali,Male,Coach,C,KAZ,Kazakhstan,Artistic Gymnastics,31
517,True,ALMAAZMI Abdalla,Male,Coach,C,PLE,Palestine,Taekwondo,47
518,True,RODRIGUEZ VAQUERO Jose Maria,Male,Head Coach,C,HUN,Hungary,Handball,44
519,True,VELASCO ENCINAS Miguel Angel,Male,Assistant Coach,C,HUN,Hungary,Handball,40
520,True,ZOLGHADRI Farzad,Male,Coach,C,BUL,Bulgaria,Taekwondo,32
521,True,GOLOVIN Vlagyimir Alekszandrovics,Male,Head Coach,C,HUN,Hungary,Handball,54
522,True,PIGNICZKI Krisztina,Female,Assistant Coach,C,HUN,Hungary,Handball,48
523,True,MASCHERANO Javier,Male,Head Coach,C,ARG,Argentina,Football,40
524,True,MARSIGLIA Angelo,Male,Head Coach,C,COL,Colombia,Football,38
525,True,RODRIGUEZ Lucas,Male,Assistant Coach,C,ARG,Argentina,Football,Age unavaible
526,True,STILLITANO Leandro,Male,Assistant Coach,C,ARG,Argentina,Football,Age unavaible
527,True,AGUILAR ESTRADA Eduardo,Male,Assistant Coach,C,ESP,Spain,Hockey,47
528,True,CALDAS Maximiliano,Male,Head Coach,C,ESP,Spain,Hockey,51
529,True,GARCIA CUENCA Carlos,Male,Head Coach,C,ESP,Spain,Hockey,51
530,True,GAVILAN MORAL Diego Manuel,Male,Coach,C,ESP,Spain,Hockey,45
531,True,GUTIERREZ ZULAICA Lorena,Female,Coach,C,ESP,Spain,Hockey,33
532,True,IGLESIAS BILBAO Alejandro,Male,Assistant Coach,C,ESP,Spain,Hockey,44
533,True,JARO MOLINA Rafael,Male,Coach,C,ESP,Spain,Hockey,40
534,True,LAZARO REINA Jordi,Male,Coach,C,ESP,Spain,Hockey,37
535,True,MOVELLAN de la MAZA Borja,Male,Coach,C,ESP,Spain,Hockey,44
536,True,PALOMERO MARTIN Oscar,Male,Coach,C,ESP,Spain,Hockey,50
537,True,PEREZ Carlos,Male,Goalkeeper Coach,C,COL,Colombia,Football,Age unavaible
538,True,CANTWELL Lynne,Female,Head Coach,C,RSA,South Africa,Rugby Sevens,42
539,True,DAZEL Renfred,Male,Head Coach,C,RSA,South Africa,Rugby Sevens,43
540,True,MOLOPYANE Obakeng,Male,Assistant Coach,C,RSA,South Africa,Rugby Sevens,31
541,True,PARKER Naasier,Male,Head Coach,C,RSA,South Africa,Rugby Sevens,36
542,True,AFRIKA Cecil,Male,Assistant Coach,C,RSA,South Africa,Rugby Sevens,36
543,True,WAKAMA Rena,Female,Coach,C,NGR,Nigeria,Basketball,32
544,True,OLAJUWON Alon,Female,Coach,C,NGR,Nigeria,Basketball,26
545,True,FUENTES Andrea,Female,Coach,C,USA,United States,Artistic Swimming,41
546,True,TEIXEIRA Lara,Female,Coach,C,USA,United States,Artistic Swimming,36
547,True,RUIZ CASAS Jairo,Male,Coach,C,COL,Colombia,Artistic Gymnastics,68
548,True,LIM Alison,Female,Coach,C,COL,Colombia,Artistic Gymnastics,41
549,True,ALONSO CALVO Adria,Male,Coach,C,ESP,Spain,Artistic Gymnastics,31
550,True,BANGO MELCON Benjamin,Male,Coach,C,ESP,Spain,Artistic Gymnastics,58
551,True,BOTELLA PEREZ de LANDAZAB Isaac,Male,Coach,C,ESP,Spain,Artistic Gymnastics,40
552,True,CARRASCAL RUBIO Alvaro,Male,Coach,C,ESP,Spain,Artistic Gymnastics,39
553,True,CASIMIRO ROS Javier,Male,Coach,C,ESP,Spain,Artistic Gymnastics,54
554,True,GUISADO MUNOZ Lucia,Female,Coach,C,ESP,Spain,Artistic Gymnastics,59
555,True,MARTINEZ SANCHEZ Manuel Angel,Male,Coach,C,ESP,Spain,Artistic Gymnastics,56
556,True,MIR HOMAR Pedro,Male,Coach,C,ESP,Spain,Artistic Gymnastics,58
557,True,RUEDA BRAVO Eva,Female,Coach,C,ESP,Spain,Artistic Gymnastics,52
558,True,SAN JOSE CRISTOBAL Almudena,Female,Coach,C,ESP,Spain,Artistic Gymnastics,59
559,True,BROWN LOPEZ Dagmara,Female,Coach,C,ESP,Spain,Rhythmic Gymnastics,68
560,True,FERRANDEZ ARENAS Monica,Female,Coach,C,ESP,Spain,Rhythmic Gymnastics,49
561,True,GARCIA GARCES Maria,Female,Coach,C,ESP,Spain,Rhythmic Gymnastics,33
562,True,LINARES GARCIA Marta,Female,Coach,C,ESP,Spain,Rhythmic Gymnastics,38
563,True,MALCHAIR SELECQUE Caroline Martine,Female,Coach,C,ESP,Spain,Rhythmic Gymnastics,42
564,True,PELAZ MOTA Ana,Female,Coach,C,ESP,Spain,Rhythmic Gymnastics,36
565,True,QUEREDA FLORES Alejandra,Female,Coach,C,ESP,Spain,Rhythmic Gymnastics,32
566,True,KASSMAN Edward,Male,Coach,C,PNG,Papua New Guinea,Taekwondo,46
567,True,PABLO Jose,Male,Assistant Coach,C,ANG,Angola,Handball,54
568,True,FERREIRINHA Jose,Male,Coach,C,POR,Portugal,Artistic Gymnastics,59
569,True,CAPORN Adam,Male,Assistant Coach,C,AUS,Australia,Basketball,42
570,True,GOORJIAN Brian,Male,Coach,C,AUS,Australia,Basketball,71
571,True,CHAMBERS Cheryl,Female,Assistant Coach,C,AUS,Australia,Basketball,56
572,True,PATRICK David,Male,Coach,C,AUS,Australia,Basketball,48
573,True,NIELSEN Matt,Male,Assistant Coach,C,AUS,Australia,Basketball,46
574,True,GORISS Paul,Male,Assistant Coach,C,AUS,Australia,Basketball,54
575,True,CARROLL Ryan,Male,Coach,C,AUS,Australia,Basketball,44
576,True,BRONDELLO Sandy,Female,Coach,C,AUS,Australia,Basketball,55
577,True,SEEBHOM Shannon,Male,Coach,C,AUS,Australia,Basketball,36
578,True,PYSMENNA Oksana,Female,Coach,C,KOR,Korea,Artistic Swimming,52
579,True,CHOI Jungyeol,Male,Coach,C,KOR,Korea,Artistic Gymnastics,41
580,True,KIM Daeeun,Male,Coach,C,KOR,Korea,Artistic Gymnastics,39
581,True,KIM Jihoon,Male,Coach,C,KOR,Korea,Artistic Gymnastics,39
582,True,LEE Sunsung,Male,Coach,C,KOR,Korea,Artistic Gymnastics,43
583,True,MIN Ayoung,Female,Coach,C,KOR,Korea,Artistic Gymnastics,49
584,True,CSEH Sandor Viktor,Male,Assistant Coach,C,HUN,Hungary,Water Polo,47
585,True,MUNALA Japheth,Male,Head Coach,C,KEN,Kenya,Volleyball,60
586,True,BARASA James,Male,Assistant Coach,C,KEN,Kenya,Volleyball,53
587,True,MIHOK Attila,Male,Head Coach,C,HUN,Hungary,Water Polo,50
588,True,TORTOSA Hugo,Male,Coach,C,LES,Lesotho,Taekwondo,24
589,True,TOPARI Yusuf,Male,Coach,C,AUS,Australia,Artistic Gymnastics,37
590,True,MITCHELL Katie,Female,Coach,C,AUS,Australia,Rhythmic Gymnastics,45
591,True,BARABACH Mikhail,Male,Coach,C,AUS,Australia,Artistic Gymnastics,69
592,True,WILSON Sean,Male,Coach,C,AUS,Australia,Artistic Gymnastics,35
593,True,BELAN Tatsiana,Female,Coach,C,AUS,Australia,Rhythmic Gymnastics,41
594,True,LI Xiaoqing,Female,Coach,C,AUS,Australia,Artistic Gymnastics,53
595,True,DOUMBIA Bounafou,Male,Goalkeeper Coach,C,MLI,Mali,Football,44
596,True,BARRETO Diego,Male,Goalkeeper Coach,C,PAR,Paraguay,Football,Age unavaible
597,True,DENIA Santi,Male,Head Coach,C,ESP,Spain,Football,50
598,True,GORDO David,Male,Assistant Coach,C,ESP,Spain,Football,54
599,True,MARTINEZ Ruben,Male,Goalkeeper Coach,C,ESP,Spain,Football,Age unavaible
600,True,ZIMMERMANN Matthieu,Male,Coach,C,BEL,Belgium,Artistic Gymnastics,38
601,True,EHREN Raoul,Male,Head Coach,C,BEL,Belgium,Hockey,51
602,True,McLEOD Shane,Male,Assistant Coach,C,BEL,Belgium,Hockey,55
603,True,GAMBLUCH Leonardo,Male,Coach,C,BEL,Belgium,Taekwondo,50
604,True,VARGA Zsolt,Male,Head Coach,C,HUN,Hungary,Water Polo,52
605,True,UGLESSICH Mariano,Male,Assistant Coach,C,PAR,Paraguay,Football,Age unavaible
606,True,HAYES Emma,Female,Head Coach,C,USA,United States,Football,47
607,True,REDDY Denise,Female,Assistant Coach,C,USA,United States,Football,53
608,True,SEARLE Stuart,Male,Goalkeeper Coach,C,USA,United States,Football,45
609,True,JARA SAGUIER Carlos,Male,Head Coach,C,PAR,Paraguay,Football,73
610,True,COVELO Alex,Male,Assistant Coach,C,USA,United States,Football,46
611,True,MITROVIC Marko,Male,Head Coach,C,USA,United States,Football,46
612,True,PAYNE Russell,Male,Goalkeeper Coach,C,USA,United States,Football,49
613,True,SEGARES Gonzalo,Male,Assistant Coach,C,USA,United States,Football,41
614,True,MAYNE Michael,Male,Head Coach,C,NZL,New Zealand,Football,39
615,True,REED Duncan,Male,Goalkeeper Coach,C,NZL,New Zealand,Football,33
616,True,BAZELEY Darren,Male,Head Coach,C,NZL,New Zealand,Football,51
617,True,GOTHARD Paul,Male,Goalkeeper Coach,C,NZL,New Zealand,Football,50
618,True,READINGS Tony,Male,Assistant Coach,C,NZL,New Zealand,Football,48
619,True,ELLIOTT Simon,Male,Assistant Coach,C,NZL,New Zealand,Football,50
620,True,SARVER Keri,Female,Assistant Coach,C,NZL,New Zealand,Football,48
621,True,POTTER Anthony,Male,Assistant Coach,C,AUS,Australia,Hockey,52
622,True,BATCH Colin,Male,Head Coach,C,AUS,Australia,Hockey,66
623,True,STANIFORTH Dave,Male,Coach,C,AUS,Australia,Hockey,48
624,True,MURRAY Emma,Female,Assistant Coach,C,AUS,Australia,Hockey,Age unavaible
625,True,PURVIS Hugh,Male,Assistant Coach,C,AUS,Australia,Hockey,32
626,True,DAVY Jeremy,Male,Coach,C,AUS,Australia,Hockey,51
627,True,POWELL Katrina,Female,Head Coach,C,AUS,Australia,Hockey,52
628,True,HAMMOND Rob,Male,Coach,C,AUS,Australia,Hockey,43
629,True,LU Xiaohui,Male,Head Coach,C,CHN,China,Rugby Sevens,49
630,True,ZHU Jiangtao,Male,Head Coach,C,CHN,China,Rugby Sevens,42
631,True,MA Chong,Male,Head Coach,C,CHN,China,Rugby Sevens,30
632,True,ZHU Jing,Male,Head Coach,C,CHN,China,Rugby Sevens,38
633,True,CARNELI Ryan,Male,Coach,C,AUS,Australia,Taekwondo,38
634,True,LEE Seokhun,Male,Coach,C,AUS,Australia,Taekwondo,44
635,True,MACCARANI Emanuela,Female,Coach,C,ITA,Italy,Rhythmic Gymnastics,57
636,True,ROVETTA Valentina,Female,Coach,C,ITA,Italy,Rhythmic Gymnastics,44
637,True,MANCINELLI Claudia,Female,Coach,C,ITA,Italy,Rhythmic Gymnastics,39
638,True,ABDULLAYEV Mammad,Male,Coach,C,AZE,Azerbaijan,Taekwondo,48
639,True,RADONIC Vesna,Female,Coach,C,MNE,Montenegro,Rhythmic Gymnastics,53
640,True,YANITSAS Andrew,Male,Assistant Coach,C,AUS,Australia,Water Polo,44
641,True,DENIS Eddie,Male,Assistant Coach,C,AUS,Australia,Water Polo,53
642,True,RIPPON Bec,Female,Head Coach,C,AUS,Australia,Water Polo,45
643,True,WOODS Taryn,Female,Assistant Coach,C,AUS,Australia,Water Polo,48
644,True,HAMILL Tim,Male,Head Coach,C,AUS,Australia,Water Polo,47
645,True,SULTANOV Yesbol,Male,Coach,C,TUN,Tunisia,Taekwondo,43
646,True,HECHMI Jendoubi,Male,Coach,C,TUN,Tunisia,Taekwondo,62
647,True,MARTIN CEDRES Ambrosio Jose,Male,Head Coach,C,ESP,Spain,Handball,56
648,True,MONTES AGUERA Cesar Jesus,Male,Assistant Coach,C,ESP,Spain,Handball,49
649,True,PRADES PONS Jose Ignacio,Male,Assistant Coach,C,ESP,Spain,Handball,48
650,True,RIBERA ROMANS Jordi,Male,Head Coach,C,ESP,Spain,Handball,61
651,True,JAKOVLJEVIC Nenad,Male,Coach,C,SRB,Serbia,Basketball,35
652,True,KOSTIC Oliver,Male,Assistant Coach,C,SRB,Serbia,Basketball,51
653,True,MARINOVIC Marko,Male,Assistant Coach,C,SRB,Serbia,Basketball,41
654,True,PESIC Svetislav,Male,Coach,C,SRB,Serbia,Basketball,74
655,True,STOJAKOVIC Ognjen,Male,Coach,C,SRB,Serbia,Basketball,42
656,True,SEKULIC Marko,Male,Coach,C,SRB,Serbia,Basketball,44
657,True,BUTULIJA Dajana,Female,Assistant Coach,C,SRB,Serbia,Basketball,38
658,True,DRLJACA Ljubica,Female,Assistant Coach,C,SRB,Serbia,Basketball,45
659,True,MALJKOVIC Marina,Female,Coach,C,SRB,Serbia,Basketball,42
660,True,PAGE Danielle Nicole,Female,Coach,C,SRB,Serbia,Basketball,37
661,True,BEATTIE Ciaran,Male,Head Coach,C,GBR,Great Britain,Rugby Sevens,38
662,True,NOLAN James,Male,Assistant Coach,C,GBR,Great Britain,Rugby Sevens,33
663,True,PUGH Richie,Male,Head Coach,C,GBR,Great Britain,Rugby Sevens,40
664,True,RIDDELL Scott,Male,Assistant Coach,C,GBR,Great Britain,Rugby Sevens,38
665,True,ROQUES Tony,Male,Head Coach,C,GBR,Great Britain,Rugby Sevens,45
666,True,JANIC Bojan,Male,Assistant Coach,C,SRB,Serbia,Volleyball,42
667,True,JEVTIC Ivica,Male,Assistant Coach,C,SRB,Serbia,Volleyball,41
668,True,KOLAKOVIC Igor,Male,Head Coach,C,SRB,Serbia,Volleyball,59
669,True,MAJSTOROVIC Neven,Male,Assistant Coach,C,SRB,Serbia,Volleyball,35
670,True,BUTARBUTAR Eva,Female,Coach,C,INA,Indonesia,Artistic Gymnastics,51
671,True,BLAGOJEVIC Jelena,Female,Assistant Coach,C,SRB,Serbia,Volleyball,35
672,True,GUIDETTI Giovanni,Male,Head Coach,C,SRB,Serbia,Volleyball,51
673,True,TUDELA PERRET Matias,Male,Head Coach,C,ESP,Spain,Rugby Sevens,39
674,True,HERNANDEZ JIMENEZ Francisco de Pau.,Male,Head Coach,C,ESP,Spain,Rugby Sevens,35
675,True,KOCH Ulla,Female,Coach,C,BEL,Belgium,Artistic Gymnastics,69
676,True,van den HEUVEL Michel,Male,Head Coach,C,BEL,Belgium,Hockey,60
677,True,MALDONADO Oscar,Male,Coach,C,DOM,Dominican Republic,Taekwondo,31
678,True,MATEO BATISTA Ruddy,Male,Coach,C,DOM,Dominican Republic,Taekwondo,39
679,True,LAACHRAOUI Mourad,Male,Coach,C,BEL,Belgium,Taekwondo,29
680,True,MEZIANE Rachid,Male,Coach,C,BEL,Belgium,Basketball,44
681,True,BARTON Emilee,Female,Assistant Coach,C,AUS,Australia,Rugby Sevens,31
682,True,STANNARD James,Male,Assistant Coach,C,AUS,Australia,Rugby Sevens,41
683,True,MANENTI John,Male,Head Coach,C,AUS,Australia,Rugby Sevens,53
684,True,WALSH Timothy,Male,Head Coach,C,AUS,Australia,Rugby Sevens,45
685,True,BYDWELL Emilie,Female,Head Coach,C,USA,United States,Rugby Sevens,38
686,True,TEST Zack,Male,Assistant Coach,C,USA,United States,Rugby Sevens,34
687,True,FORD Trey,Male,Assistant Coach,C,USA,United States,Rugby Sevens,Age unavaible
688,True,FRIDAY Mike,Male,Head Coach,C,USA,United States,Rugby Sevens,52
689,True,GREENING Phil,Male,Assistant Coach,C,USA,United States,Rugby Sevens,48
690,True,FERREIRA Marcel,Male,Coach,C,BRA,Brazil,Artistic Swimming,37
691,True,KARFUNKELSTEIN Rogerio,Male,Coach,C,BRA,Brazil,Artistic Swimming,48
692,True,SPLITTER Tiago,Male,Assistant Coach,C,BRA,Brazil,Basketball,39
693,True,HAMANO Yukiya,Male,Goalkeeper Coach,C,JPN,Japan,Football,51
694,True,HANEDA Kenji,Male,Assistant Coach,C,JPN,Japan,Football,42
695,True,OIWA Go,Male,Head Coach,C,JPN,Japan,Football,52
696,True,CUNHA Thiago,Male,Assistant Coach,C,EGY,Egypt,Football,45
697,True,ALBINO Cristiano,Male,Coach,C,BRA,Brazil,Artistic Gymnastics,50
698,True,BISCALCHIN Daniel,Male,Coach,C,BRA,Brazil,Artistic Gymnastics,45
699,True,PORATH Francisco,Male,Coach,C,BRA,Brazil,Artistic Gymnastics,44
700,True,YASHENKO Iryna,Female,Coach,C,BRA,Brazil,Artistic Gymnastics,64
701,True,ROSA Bruna,Female,Coach,C,BRA,Brazil,Rhythmic Gymnastics,38
702,True,FEREZIN Camila,Female,Coach,C,BRA,Brazil,Rhythmic Gymnastics,47
703,True,NAVES Marcia,Female,Coach,C,BRA,Brazil,Rhythmic Gymnastics,58
704,True,PEREIRA Alexandro,Male,Coach,C,BRA,Brazil,Rhythmic Gymnastics,52
705,True,FIGUEIREDO Tatiana,Female,Coach,C,BRA,Brazil,Rhythmic Gymnastics,56
706,True,FUCHS Tracey,Female,Assistant Coach,C,USA,United States,Hockey,57
707,True,PASSMORE David,Male,Head Coach,C,USA,United States,Hockey,57
708,True,TELECHEA Javi,Male,Assistant Coach,C,USA,United States,Hockey,36
709,True,MATHEUS Carlos,Male,Coach,C,BRA,Brazil,Artistic Swimming,46
710,True,DOMINGUES Felipe,Male,Coach,C,BRA,Brazil,Artistic Swimming,48
711,True,POSSENTI Fernando,Male,Coach,C,BRA,Brazil,Artistic Swimming,45
712,True,ONHA MARQUES Sergio,Male,Coach,C,BRA,Brazil,Artistic Swimming,50
713,True,FEW Mark,Male,Coach,C,USA,United States,Basketball,61
714,True,KERR Steve,Male,Coach,C,USA,United States,Basketball,58
715,True,LUE Tyronn,Male,Assistant Coach,C,USA,United States,Basketball,47
716,True,SPOELSTRA Erik,Male,Assistant Coach,C,USA,United States,Basketball,53
717,True,LAWSON Kara,Female,Coach,C,USA,United States,Basketball,43
718,True,MILLER Curt,Male,Coach,C,USA,United States,Basketball,55
719,True,REEVE Cheryl,Female,Coach,C,USA,United States,Basketball,57
720,True,TAYLOR Joni,Female,Assistant Coach,C,USA,United States,Basketball,45
721,True,THIBAULT Mike,Male,Assistant Coach,C,USA,United States,Basketball,73
722,True,WRIGHT Tanisha,Female,Coach,C,USA,United States,Basketball,40
723,True,KOLINISAU Ratu Osea,Male,Head Coach,C,FIJ,Fiji,Rugby Sevens,38
724,True,ARENHART ALVES Ismael,Male,Assistant Coach,C,BRA,Brazil,Rugby Sevens,Age unavaible
725,True,BRODERICK William,Male,Head Coach,C,BRA,Brazil,Rugby Sevens,31
726,True,FERRER Alexander,Male,Coach,C,BRA,Brazil,Artistic Swimming,48
727,True,dos SANTOS Clayton,Male,Coach,C,BRA,Brazil,Taekwondo,43
728,True,RIBEIRO Diego,Male,Coach,C,BRA,Brazil,Taekwondo,37
729,True,NAMAUA Tikiko,Male,Assistant Coach,C,FIJ,Fiji,Rugby Sevens,48
730,True,KLAMBURG ROQUE Paula,Female,Coach,C,AUS,Australia,Artistic Swimming,34
731,True,ONO Shoko,Female,Coach,C,AUS,Australia,Artistic Swimming,35
732,True,SOARES Mateus Joao Felgueiras,Male,Coach,C,TLS,Timor-Leste,Taekwondo,39
733,True,LUZON Guy,Male,Head Coach,C,ISR,Israel,Football,48
734,True,CHOEN Haim,Male,Assistant Coach,C,ISR,Israel,Football,Age unavaible
735,True,BUTALA-KOVACIC Petra,Female,Coach,C,SRB,Serbia,Taekwondo,36
736,True,JOVIC Dragan,Male,Coach,C,SRB,Serbia,Taekwondo,55
737,True,SAVICEVIC Veljko,Male,Coach,C,SRB,Serbia,Taekwondo,45
738,True,BUCHNIK Victor,Male,Goalkeeper Coach,C,ISR,Israel,Football,Age unavaible
739,True,BILIC Darko,Male,Assistant Coach,C,SRB,Serbia,Water Polo,46
740,True,CIRIC Stefan,Male,Assistant Coach,C,SRB,Serbia,Water Polo,38
741,True,STEVANOVIC Uros,Male,Head Coach,C,SRB,Serbia,Water Polo,41
742,True,TAAFFE Robert,Male,Coach,C,IRL,Ireland,Taekwondo,42
743,True,NSILU DILANDU Leroy,Male,Coach,C,IRL,Ireland,Taekwondo,22
744,True,EFTIMOV Aleksandar,Male,Coach,C,MKD,North Macedonia,Taekwondo,38
745,True,ADEL MOSTAFA,Male,Assistant Coach,C,EGY,Egypt,Football,42
746,True,FUJIKI Mayuko,Female,Coach,C,ESP,Spain,Artistic Swimming,49
747,True,JIMENEZ NIETO Cecilia,Female,Coach,C,ESP,Spain,Artistic Swimming,28
748,True,REQUENA PERICAS Judit,Female,Coach,C,ESP,Spain,Artistic Swimming,31
749,True,VEGA HERRERO Anna,Female,Coach,C,ESP,Spain,Artistic Swimming,45
750,True,ANDREO GABAN Angel Luis,Male,Assistant Coach,C,ESP,Spain,Water Polo,51
751,True,APARICIO SUNEN Antonio Francisco,Male,Assistant Coach,C,ESP,Spain,Water Polo,64
752,True,IVANOV PIRALKOV Svilen,Male,Assistant Coach,C,ESP,Spain,Water Polo,49
753,True,MARTIN LOZANO David,Male,Head Coach,C,ESP,Spain,Water Polo,47
754,True,OCA GAIA Miguel Angel,Male,Head Coach,C,ESP,Spain,Water Polo,54
755,True,VALLS NART Jordi,Male,Assistant Coach,C,ESP,Spain,Water Polo,46
756,True,KERTESZNE BORKAI Anita,Female,Coach,C,HUN,Hungary,Artistic Gymnastics,54
757,True,CAMPODONICO Marco,Male,Coach,C,ITA,Italy,Artistic Gymnastics,61
758,True,CASELLA Enrico,Male,Coach,C,ITA,Italy,Artistic Gymnastics,67
759,True,ZHOU Tianke,Female,Coach,C,LAO,Lao PDR,Rhythmic Gymnastics,46
760,True,ALLER CARBALLO Manuel Angel,Male,Coach,C,ESP,Spain,Basketball,61
761,True,CAMPS SAN JOSE Salvador,Male,Coach,C,ESP,Spain,Basketball,45
762,True,FERNANDEZ TARGARONA Isaac,Male,Coach,C,ESP,Spain,Basketball,44
763,True,GARCIA GUADARRAMA Victor Jesus,Male,Coach,C,ESP,Spain,Basketball,44
764,True,GUIL Luis,Male,Assistant Coach,C,ESP,Spain,Basketball,53
765,True,MENDEZ Miguel,Male,Coach,C,ESP,Spain,Basketball,57
766,True,REY Luis,Male,Assistant Coach,C,ESP,Spain,Basketball,59
767,True,PRADO BRANAS Joaquin,Male,Coach,C,ESP,Spain,Basketball,48
768,True,SANCHEZ CANETE CALVO Angel Luis,Male,Assistant Coach,C,ESP,Spain,Basketball,54
769,True,SCARIOLO Sergio,Male,Coach,C,ESP,Spain,Basketball,63
770,True,URIETA GUTIERREZ Madelen,Female,Assistant Coach,C,ESP,Spain,Basketball,42
771,True,CAREY Brian,Male,Coach,C,USA,United States,Artistic Gymnastics,50
772,True,LANDI Cecile,Female,Coach,C,USA,United States,Artistic Gymnastics,44
773,True,BRECKENRIDGE Grant,Male,Coach,C,USA,United States,Artistic Gymnastics,27
774,True,SUN Sonia,Female,Coach,C,USA,United States,Artistic Gymnastics,47
775,True,GRABA Jess,Male,Coach,C,USA,United States,Artistic Gymnastics,55
776,True,GAARENSTROOM Jordan,Male,Coach,C,USA,United States,Artistic Gymnastics,32
777,True,LANDI Laurent,Male,Coach,C,USA,United States,Artistic Gymnastics,46
778,True,KLIMOUK Natalia,Female,Coach,C,USA,United States,Rhythmic Gymnastics,56
779,True,CAESAR Syque,Male,Coach,C,USA,United States,Artistic Gymnastics,33
780,True,MIKULAK Sam,Male,Coach,C,USA,United States,Artistic Gymnastics,31
781,True,LIUKIN Valeri,Male,Coach,C,USA,United States,Artistic Gymnastics,57
782,True,BARRIEAU Jocelyn,Female,Assistant Coach,C,CAN,Canada,Rugby Sevens,42
783,True,HANRATTY Jack,Male,Head Coach,C,CAN,Canada,Rugby Sevens,35
784,True,MONAGHAN Iain,Male,Assistant Coach,C,CAN,Canada,Rugby Sevens,43
785,True,JOYCE Jenn,Female,Assistant Coach,C,CAN,Canada,Rugby Sevens,Age unavaible
786,True,KONE Thierry,Male,Coach,C,CIV,Côte d'Ivoire,Taekwondo,43
787,True,VOLAVOLA Timoci,Male,Assistant Coach,C,FIJ,Fiji,Rugby Sevens,45
788,True,TUIFUA Tevita,Male,Head Coach,C,TGA,Tonga,Rugby Sevens,48
789,True,OTUMULI Mavae,Male,Head Coach,C,TGA,Tonga,Rugby Sevens,40
790,True,VAIANGINA Ekitino,Male,Head Coach,C,TGA,Tonga,Rugby Sevens,54
791,True,LIUTAI Malika,Male,Head Coach,C,TGA,Tonga,Rugby Sevens,60
792,True,FULI Saiasi,Male,Head Coach,C,FIJ,Fiji,Rugby Sevens,46
793,True,TOPPING James,Male,Head Coach,C,IRL,Ireland,Rugby Sevens,49
794,True,TEMPLE-JONES Allan,Male,Head Coach,C,IRL,Ireland,Rugby Sevens,43
795,True,WONG Ka Wing,Male,Coach,C,HKG,"Hong Kong, China",Taekwondo,49
796,True,MICALE Rogerio,Male,Head Coach,C,EGY,Egypt,Football,55
797,True,LERGA Javier,Male,Assistant Coach,C,ESP,Spain,Football,44
798,True,SANCHEZ Carlos,Male,Goalkeeper Coach,C,ESP,Spain,Football,46
799,True,TOME Montse,Female,Head Coach,C,ESP,Spain,Football,42
800,True,BAYER Steven,Male,Coach,C,BEL,Belgium,Hockey,46
801,True,WHITE Tim,Male,Assistant Coach,C,BEL,Belgium,Hockey,58
802,True,LOPEZ ROMERO Victor Hugo,Male,Assistant Coach,C,JPN,Japan,Handball,41
803,True,ORTEGA PEREZ Antonio Carlos,Male,Head Coach,C,JPN,Japan,Handball,53
804,True,ROCHA de REZENDE Bernardo,Male,Head Coach,C,BRA,Brazil,Volleyball,64
805,True,RIBAS Giuliano,Male,Assistant Coach,C,BRA,Brazil,Volleyball,Age unavaible
806,True,LAGES GUIMARAES Jose Roberto,Male,Head Coach,C,BRA,Brazil,Volleyball,69
807,True,DO REGO BARROS JUNIOR Paulo,Male,Assistant Coach,C,BRA,Brazil,Volleyball,Age unavaible
808,True,LEONALDO Roberley Luiz,Male,Assistant Coach,C,BRA,Brazil,Volleyball,Age unavaible
809,True,TABACH Ricardo,Male,Assistant Coach,C,BRA,Brazil,Volleyball,Age unavaible
810,True,COPPINI FERNANDES Wagner Luiz,Male,Assistant Coach,C,BRA,Brazil,Volleyball,Age unavaible
811,True,KEET Marcelle,Female,Assistant Coach,C,RSA,South Africa,Hockey,39
812,True,BONNET Giles,Male,Head Coach,C,RSA,South Africa,Hockey,59
813,True,GIL Carlos,Male,Coach,C,PAN,Panama,Artistic Gymnastics,39
814,True,LAWRENCE Natalie,Female,Assistant Coach,C,NZL,New Zealand,Football,40
815,True,HERST Jen,Female,Goalkeeper Coach,C,CAN,Canada,Football,38
816,True,MANDER Jasmine,Female,Assistant Coach,C,CAN,Canada,Football,29
817,True,PRIESTMAN Bev,Female,Head Coach,C,CAN,Canada,Football,38
818,True,SPENCE Andy,Male,Assistant Coach,C,CAN,Canada,Football,41
819,True,PARK Jae,Male,Coach,C,CAN,Canada,Taekwondo,55
820,True,THORNTON Daniel,Male,Coach,C,CAN,Canada,Taekwondo,50
821,True,LIMA Brian,Male,Head Coach,C,SAM,Samoa,Rugby Sevens,52
822,True,PARADELO David,Male,Head Coach,C,CAN,Canada,Water Polo,38
823,True,POSTERIVO Stefano,Male,Assistant Coach,C,CAN,Canada,Water Polo,56
824,True,CAMPBELL Cora,Female,Assistant Coach,C,CAN,Canada,Water Polo,50
825,True,IGLESIAS Rodrigo,Male,Assistant Coach,C,BRA,Brazil,Football,Age unavaible
826,True,ALCANTARA Edson,Male,Goalkeeper Coach,C,BRA,Brazil,Football,Age unavaible
827,True,ELIAS Arthur,Male,Head Coach,C,BRA,Brazil,Football,42
828,True,LALOMILO Faamaoni,Male,Assistant Coach,C,SAM,Samoa,Rugby Sevens,53
829,True,CIRKOVIC Vedran,Male,Assistant Coach,C,AUS,Australia,Water Polo,36
830,True,CHERNETSKA Nataliya,Female,Coach,C,GRE,Greece,Artistic Swimming,50
831,True,KAMMENOU Alexia Anna,Female,Head Coach,C,GRE,Greece,Water Polo,55
832,True,LEMPESIS Xenofon,Male,Assistant Coach,C,GRE,Greece,Water Polo,51
833,True,PYRPYRIS Anastasios,Male,Assistant Coach,C,GRE,Greece,Water Polo,41
834,True,SCHIZAS Anastasios,Male,Assistant Coach,C,GRE,Greece,Water Polo,47
835,True,VLACHOS Theodoros,Male,Head Coach,C,GRE,Greece,Water Polo,55
836,True,KANTZOURIS Ilias,Male,Assistant Coach,C,GRE,Greece,Basketball,50
837,True,SPANOULIS Vasilis,Male,Coach,C,GRE,Greece,Basketball,41
838,True,RAFTIS Dimitrios,Male,Coach,C,GRE,Greece,Artistic Gymnastics,56
839,True,JENNINGS Stephen,Male,Coach,C,EOR,EOR,Taekwondo,42
840,True,FJELLSTROM Jens,Male,Assistant Coach,C,AUS,Australia,Football,57
841,True,ANDREATTA Mel,Female,Assistant Coach,C,AUS,Australia,Football,45
842,True,GUSTAVSSON Tony,Male,Head Coach,C,AUS,Australia,Football,50
843,True,van ECK Richard,Male,Assistant Coach,C,NED,Netherlands,Water Polo,41
844,True,DOUDESIS Eva,Male,Head Coach,C,NED,Netherlands,Water Polo,39
845,True,MOGHANLOU Bijan,Male,Coach,C,EGY,Egypt,Taekwondo,54
846,True,SICOT David Patrick,Male,Coach,C,LBN,Lebanon,Taekwondo,38
847,True,SEKTIOUI Tarik,Male,Head Coach,C,MAR,Morocco,Football,Age unavaible
848,True,HADJI Youssouf,Male,Assistant Coach,C,MAR,Morocco,Football,44
849,True,BADAWI Ghanem,Male,Coach,C,SYR,Syria,Artistic Gymnastics,44
850,True,van der VEEN Jose,Female,Coach,C,NED,Netherlands,Artistic Gymnastics,47
851,True,WEVERS Vincent,Male,Coach,C,NED,Netherlands,Artistic Gymnastics,61
852,True,den UIJL Kevin,Male,Coach,C,NED,Netherlands,Artistic Gymnastics,28
853,True,JACOBS Jeroen,Male,Coach,C,NED,Netherlands,Artistic Gymnastics,52
854,True,KLEUSKENS Marcel,Male,Coach,C,NED,Netherlands,Artistic Gymnastics,42
855,True,KNIBBELER Daniel,Male,Coach,C,NED,Netherlands,Artistic Gymnastics,44
856,True,van MELDERT Dirk Jan,Male,Coach,C,NED,Netherlands,Artistic Gymnastics,58
857,True,CLARIJS Ricardo,Male,Assistant Coach,C,NED,Netherlands,Handball,34
858,True,JOHANSSON Per,Male,Head Coach,C,NED,Netherlands,Handball,53
859,True,GOUTSEVA Anastasia,Female,Coach,C,GRE,Greece,Artistic Swimming,49
860,True,SOKOLOVA Natalia,Female,Coach,C,CYP,Cyprus,Rhythmic Gymnastics,48
861,True,OGEYINGBO Ayodeji,Male,Coach,C,NGR,Nigeria,Basketball,30
862,True,DERAEDT Laurent,Male,Goalkeeper Coach,C,MAR,Morocco,Football,50
863,True,LESZNER Joe,Male,Coach,C,CAN,Canada,Archery,Age unavaible
864,True,TICHELMAN Thomas,Male,Assistant Coach,C,NED,Netherlands,Hockey,64
865,True,van ASS Paul,Male,Head Coach,C,NED,Netherlands,Hockey,63
866,True,DELMEE Jeroen,Male,Head Coach,C,NED,Netherlands,Hockey,51
867,True,VERBOOM Eric,Male,Assistant Coach,C,NED,Netherlands,Hockey,54
868,True,ALIYEVA Kamilla,Female,Coach,C,AZE,Azerbaijan,Rhythmic Gymnastics,18
869,True,VILYAYEVA Yevgeniya,Female,Coach,C,AZE,Azerbaijan,Rhythmic Gymnastics,30
870,True,VASILEVA Siyana,Female,Coach,C,AZE,Azerbaijan,Rhythmic Gymnastics,28
871,True,GULIYEV Kamil,Male,Coach,C,AZE,Azerbaijan,Rhythmic Gymnastics,30
872,True,KARIMLI Akif,Male,Coach,C,AZE,Azerbaijan,Rhythmic Gymnastics,29
873,True,JAUMA CAYUELA Esther,Female,Coach,C,NED,Netherlands,Artistic Swimming,54
874,True,GIE Cheslyn,Male,Head Coach,C,RSA,South Africa,Hockey,48
875,True,NTULI Siphesihle,Male,Assistant Coach,C,RSA,South Africa,Hockey,35
876,True,GOMEZ Ibai,Male,Head Coach,C,DOM,Dominican Republic,Football,34
877,True,RAMOS SANCHEZ Antonio,Male,Coach,C,CIV,Côte d'Ivoire,Taekwondo,47
878,True,AMOREBIETA Fernando,Male,Assistant Coach,C,DOM,Dominican Republic,Football,39
879,True,BRITEZ Cristhian,Male,Goalkeeper Coach,C,DOM,Dominican Republic,Football,39
880,True,BALAN Adrian,Male,Coach,C,CAN,Canada,Artistic Gymnastics,53
881,True,COWAN Lisa,Female,Coach,C,CAN,Canada,Artistic Gymnastics,54
882,True,KIKUCHI David,Male,Coach,C,CAN,Canada,Artistic Gymnastics,44
883,True,van HOOF Ed,Male,Coach,C,CAN,Canada,Artistic Gymnastics,67
884,True,FALSETTA Ross,Male,Coach,C,GBR,Great Britain,Artistic Gymnastics,38
885,True,DENG Ajou,Male,Assistant Coach,C,SSD,South Sudan,Basketball,45
886,True,WIGNALL Rachel,Female,Coach,C,GBR,Great Britain,Artistic Gymnastics,34
887,True,MEIJER Eric,Male,Assistant Coach,C,NED,Netherlands,Volleyball,34
888,True,KOSLOWSKI Felix,Male,Head Coach,C,NED,Netherlands,Volleyball,40
889,True,FERRER CUTINO Gil,Male,Assistant Coach,C,NED,Netherlands,Volleyball,52
890,True,IVEY Royal,Male,Coach,C,SSD,South Sudan,Basketball,42
891,True,KOUDI Mandela,Male,Coach,C,SSD,South Sudan,Basketball,32
892,True,CHIEJINE Ann,Female,Assistant Coach,C,NGR,Nigeria,Football,50
893,True,KULESZA Kasia,Female,Coach,C,CAN,Canada,Artistic Swimming,47
894,True,MORGAN Kerri,Female,Coach,C,CAN,Canada,Artistic Swimming,53
895,True,VOLOSHYNA Anna,Female,Coach,C,CAN,Canada,Artistic Swimming,32
896,True,YAKHNO Yelyzaveta,Female,Coach,C,CAN,Canada,Artistic Swimming,26
897,True,SAWADOGO Rasmane,Male,Coach,C,BUR,Burkina Faso,Taekwondo,59
898,True,BAUR Steve,Male,Assistant Coach,C,CAN,Canada,Basketball,45
899,True,BJORKGREN Nate,Male,Assistant Coach,C,CAN,Canada,Basketball,49
900,True,CLARKE Carly,Female,Coach,C,CAN,Canada,Basketball,41
901,True,FERNANDEZ Jordi,Male,Coach,C,CAN,Canada,Basketball,41
902,True,LAPENA Victor,Male,Coach,C,CAN,Canada,Basketball,49
903,True,MITCHELL Nathaniel,Male,Assistant Coach,C,CAN,Canada,Basketball,38
904,True,N'DONG Boniface,Male,Coach,C,CAN,Canada,Basketball,46
905,True,PAGE Murriel,Female,Coach,C,CAN,Canada,Basketball,48
906,True,QUINN Noelle,Female,Assistant Coach,C,CAN,Canada,Basketball,39
907,True,DENG Luol,Male,Assistant Coach,C,SSD,South Sudan,Basketball,39
908,True,CASTANEDA Allen Aldrin,Male,Coach,C,PHI,Philippines,Artistic Gymnastics,52
909,True,HRYBANOV Andrii,Male,Coach,C,ISR,Israel,Artistic Gymnastics,53
910,True,GRIFFETH Garrett Stephen,Male,Coach,C,PHI,Philippines,Artistic Gymnastics,37
911,True,ABAD EXPOSITO Iker Miquel,Male,Coach,C,IRL,Ireland,Taekwondo,20
912,True,WALDRUM Randy,Male,Head Coach,C,NGR,Nigeria,Football,67
913,True,DIAWARA Kaba,Male,Head Coach,C,GUI,Guinea,Football,48
914,True,CAPELLI Claudio,Male,Coach,C,SUI,Switzerland,Artistic Gymnastics,37
915,True,GUELZEC Laurent,Male,Coach,C,SUI,Switzerland,Artistic Gymnastics,53
916,True,KISTLER Frank,Male,Coach,C,SUI,Switzerland,Artistic Gymnastics,39
917,True,MUNOZ BENITEZ Fernando,Male,Head Coach,C,EGY,Egypt,Volleyball,53
918,True,KIM Myong Hwa,Female,Coach,C,PRK,DPR Korea,Artistic Gymnastics,53
919,True,TRAJKOVIC Ivan Konrad,Male,Coach,C,SLO,Slovenia,Taekwondo,32
920,True,PAVLIC Aljaz,Male,Assistant Coach,C,SLO,Slovenia,Handball,45
921,True,MIJATOVIC Branka,Female,Assistant Coach,C,SLO,Slovenia,Handball,51
922,True,ADZIC Dragan,Male,Head Coach,C,SLO,Slovenia,Handball,54
923,True,DROZHANOVA Elena,Female,Coach,C,SLO,Slovenia,Rhythmic Gymnastics,48
924,True,CRETU Gheorghe,Male,Head Coach,C,SLO,Slovenia,Volleyball,55
925,True,DIVKOVIC Goran,Male,Coach,C,SLO,Slovenia,Taekwondo,51
926,True,ZVIZEJ Luka,Male,Assistant Coach,C,SLO,Slovenia,Handball,43
927,True,de CECCO Matteo,Male,Assistant Coach,C,SLO,Slovenia,Volleyball,55
928,True,RETELJ Natasa,Female,Coach,C,SLO,Slovenia,Artistic Gymnastics,46
929,True,ZORMAN Uros,Male,Head Coach,C,SLO,Slovenia,Handball,44
930,True,KEDACIC Zoran,Male,Assistant Coach,C,SLO,Slovenia,Volleyball,40
931,True,MUGANGUZI Wani,Male,Assistant Coach,C,NGR,Nigeria,Basketball,34
932,True,FITZGERALD David,Male,Coach,C,IRL,Ireland,Hockey,37
933,True,BAM Jenna,Female,Head Coach,C,RSA,South Africa,Rugby Sevens,27
934,True,FALAHATGAR ETMINANI Davoud,Male,Coach,C,BUL,Bulgaria,Taekwondo,44
935,True,PETROVIC Aleksandar,Male,Coach,C,BRA,Brazil,Basketball,65
936,True,GORIATCHKINE Ivan,Male,Coach,C,PHI,Philippines,Artistic Gymnastics,29
937,True,BASILE Leonardo,Male,Coach,C,EOR,EOR,Taekwondo,41
938,True,VICTOR John,Male,Coach,C,NGR,Nigeria,Taekwondo,47
939,True,DONNELLY Peter,Male,Assistant Coach,C,IRL,Ireland,Rugby Sevens,41
940,True,CARSON Luke,Male,Coach,C,IRL,Ireland,Artistic Gymnastics,34
941,True,GORBACHEV Stepan,Male,Coach,C,UKR,Ukraine,Artistic Gymnastics,40
942,True,MARAJAN Sabit,Male,Coach,C,SSD,South Sudan,Taekwondo,66
943,True,DIAWARA Fousseni,Male,Assistant Coach,C,GUI,Guinea,Football,43
944,True,CAUKAUNIVALU Setefano,Male,Assistant Coach,C,FIJ,Fiji,Rugby Sevens,45
945,True,GRANDES Pablo,Male,Assistant Coach,C,IRQ,Iraq,Football,37
946,True,FONG Lerissa,Female,Head Coach,C,SAM,Samoa,Rugby Sevens,42
947,True,POMARE Sapani,Male,Head Coach,C,SAM,Samoa,Rugby Sevens,54
948,True,FAALUPEGA Avii,Female,Head Coach,C,SAM,Samoa,Rugby Sevens,38
949,True,DAVID EP CHIRILCENCO Georgeta,Female,Coach,C,ALG,Algeria,Artistic Gymnastics,50
950,True,ELZEFTAWEY Tarek,Male,Assistant Coach,C,EGY,Egypt,Volleyball,49
951,True,GAARENSTROOM Jordan Jon,Male,Coach,C,SYR,Syria,Artistic Gymnastics,32
952,True,PROST KOSIR Primoz,Male,Assistant Coach,C,SLO,Slovenia,Handball,41
953,True,TRAORE Alioune,Male,Coach,C,MLI,Mali,Taekwondo,62
954,True,COCCIA Kristina,Female,Coach,C,HAI,Haiti,Artistic Gymnastics,35
955,True,KAMKASOUMPHOU Ekvara,Male,Coach,C,MLI,Mali,Taekwondo,49
956,True,KHAJAVI Naeima,Male,Coach,C,EGY,Egypt,Taekwondo,58
957,True,LAWSON Franck,Male,Coach,C,BUR,Burkina Faso,Taekwondo,47
958,True,Mc DONALD Janelle Leigh,Female,Coach,C,PHI,Philippines,Artistic Gymnastics,41
959,True,QUESNEL Yannick,Male,Goalkeeper Coach,C,GUI,Guinea,Football,50
960,True,TANSKANEN Juha Petteri,Male,Coach,C,SYR,Syria,Artistic Gymnastics,53
961,True,CHOUBA Jaouad,Female,Coach,C,GBS,Guinea-Bissau,Taekwondo,41
962,True,HERDEIRO Alvaro Francisco,Male,Assistant Coach,C,BRA,Brazil,Handball,55
963,True,MAROJA Gabriel Augusto,Male,Assistant Coach,C,BRA,Brazil,Handball,28
964,True,ALONSO BERNARDO Jessica,Female,Assistant Coach,C,ESP,Spain,Handball,40
965,True,LARSSON Thomas Erik Daniel,Male,Assistant Coach,C,NED,Netherlands,Handball,Age unavaible
966,True,CAROU Gonzalo,Male,Assistant Coach,C,ARG,Argentina,Handball,Age unavaible
967,True,CAZON Guillermo,Male,Assistant Coach,C,ARG,Argentina,Handball,Age unavaible
968,True,CAAMANO Juan,Male,Assistant Coach,C,ESP,Spain,Handball,33
969,True,TORRESCUSA Ignacio,Male,Assistant Coach,C,ESP,Spain,Handball,30
970,True,GJERDE Joar,Male,Assistant Coach,C,NOR,Norway,Handball,35
971,True,BONDAR Vladyslav,Male,Coach,C,BUR,Burkina Faso,Taekwondo,26
972,True,CICHELLO Juan Manuel,Male,Assistant Coach,C,ITA,Italy,Volleyball,Age unavaible
973,True,VASSILIADES Emmanuel,Male,Assistant Coach,C,GRE,Greece,Water Polo,44
